TAU(MFT),wind,sst,airT,Pressure,TAU(obs)
0.418911963701248,9.7492,6.6,3.6437,1008.4945,0.5126
0.514084041118622,11.1145,6.6,3.5982,1008.4091,0.4653
0.57229083776474,11.9158,6.5943,2.8149,1006.9865,0.6315
0.569554448127747,11.8779,6.5929,2.7936,1006.9581,0.5274
1.10192453861237,18.4902,6.5972,2.7112,1002.7028,0.9983
0.804295241832733,14.9859,6.1,5.2,1007.5507,0.7134
1.01347017288208,17.501,6.0972,5.2141,1008.1028,0.7844
0.896031200885773,16.1135,6.0957,5.2213,1008.1042,0.8265
0.893526077270508,16.0873,6,5.7014,1008.2199,0.7404
0.927525341510773,16.4955,6,5.7028,1008.2398,0.7211
0.821530759334564,15.2054,6,5.7043,1008.2597,0.6962
0.841638267040253,15.4542,6,5.7099,1008.3392,0.6947
0.917516946792603,16.3765,6,5.7915,1009.693,0.6923
0.737070560455322,14.1398,6,5.7873,1009.74,0.6133
0.763049840927124,14.4708,6,5.7,1010.6998,0.6753
0.727414131164551,14.0149,6,5.7014,1010.7225,0.6334
0.742633104324341,14.2104,6,5.7028,1010.7452,0.6365
0.842668890953064,15.4669,6,5.7085,1010.8363,0.7132
0.828977465629578,15.2985,6,5.8,1012.3,0.7686
0.726527154445648,14.0052,6,5.8999,1012.9994,0.6245
0.668118119239807,13.2438,6,5.9,1013.0221,0.6442
0.84803718328476,15.5344,6,5.9,1013.0563,0.6141
0.762462258338928,14.465,6,5.9,1013.0677,0.6645
0.679289400577545,13.3908,6.0128,5.9128,1013.9662,0.5736
0.580442547798157,12.0672,6.1,6,1015.1,0.538
0.549021661281586,11.6354,6.0929,5.9929,1015.1568,0.5894
0.536494016647339,11.4617,6.0001,5.9001,1015.8994,0.458
0.655228197574616,13.0734,6,5.9,1015.9249,0.5165
0.543475806713104,11.5586,6,5.9,1015.9505,0.4722
0.545301675796509,11.5839,6,5.9,1015.9761,0.4746
0.402398347854614,9.5477,5.9957,5.9,1016.8255,0.3673
0.427301079034805,9.9109,5.9929,5.9,1016.8426,0.4082
0.403559118509293,9.5661,5.8957,5.9,1017.4171,0.3868
0.466636568307877,10.4786,5.8901,5.9,1017.4398,0.4023
0.462961792945862,10.4261,5.8872,5.9,1017.4512,0.4264
0.488706082105637,10.7935,5.8028,5.8945,1017.7917,0.4251
0.432370156049728,9.9866,5.8085,5.8831,1017.7746,0.3652
0.480922847986221,10.6828,5.8113,5.8774,1017.7661,0.377
0.38312491774559,9.2626,5.9,5.7,1017.5284,0.4062
0.401484102010727,9.5328,5.9,5.7,1017.9,0.3714
0.379126936197281,9.2035,5.9,5.7,1017.9298,0.3478
0.36479914188385,8.9909,5.9,5.7,1018.6107,0.3648
0.4023157954216,9.545,5.9,5.7,1018.6221,0.2992
0.378356069326401,9.1921,5.9,5.7,1018.6335,0.3243
0.361756891012192,8.9456,5.9,5.7,1018.6449,0.3492
0.353991568088532,8.8297,5.9,5.7,1018.679,0.2653
0.290734052658081,7.8704,5.9,5.7,1018.6904,0.3293
0.32062166929245,8.3272,5.9,5.7,1018.7018,0.324
0.337328672409058,8.5796,5.9,5.6929,1019.3432,0.3316
0.316912829875946,8.2707,5.9,5.6886,1019.3091,0.2829
0.269396990537643,7.5379,5.9,5.6,1018.6,0.2434
0.242779493331909,7.1185,5.9,5.6,1018.6171,0.2381
0.242339953780174,7.1115,5.9,5.6,1018.6227,0.235
0.152032136917114,5.5599,5.9,5.7,1018.3001,0.1936
0.164959028363228,5.8167,5.9,5.7,1018.2986,0.2175
0.174949318170547,5.9944,5.9,5.7,1018.2943,0.1753
0.192216768860817,6.2923,5.9,5.7,1018.2886,0.1465
0.141079351305962,5.1883,5.9,5.7,1018.1929,0.1608
0.125074580311775,4.6337,5.9,5.7,1018.1858,0.1921
0.15344250202179,5.6057,5.9,5.7,1018.1503,0.1596
0.157969251275063,5.6895,5.9,5.7,1017.7004,0.1642
0.155262067914009,5.6396,5.8987,5.7027,1017.7,0.2246
0.126365289092064,4.6784,6.1999,6.3999,1014.1013,0.1596
0.120540209114552,4.4733,6.2,6.404,1014.0866,0.1667
0.126837000250816,4.6949,6.2,6.4254,1014.0154,0.1498
0.13256274163723,4.8944,6.2,6.4382,1013.9727,0.1535
0.16844916343689,5.8925,6.2,6.7042,1013.0817,0.1837
0.201179772615433,6.4569,6.2,6.7298,1012.9708,0.2361
0.270929545164108,7.5811,6.2,7.0028,1011.7787,0.2749
0.254161059856415,7.3187,6.2,7.0085,1011.7361,0.2762
0.304255574941635,8.0948,6.2,7.0142,1011.6934,0.2794
0.282797187566757,7.7654,6.2,7.0199,1011.6508,0.2936
0.43947035074234,10.1017,6.2,7.2113,1010.0852,0.376
0.525036633014679,11.3161,6.1915,7.3085,1008.2552,0.4933
0.574709892272949,12.0018,6.1901,7.3099,1008.231,0.4284
0.638995051383972,12.8711,6.1,7.4028,1006.6801,0.5407
0.633572518825531,12.7988,6.1,7.4043,1006.6702,0.4824
0.634575366973877,12.8122,6.1,7.4057,1006.6602,0.5584
0.627204179763794,12.7137,6.1,7.4071,1006.6503,0.544
0.617054641246796,12.5776,6.1,7.4085,1006.6403,0.458
0.729490101337433,14.0562,6.1,7.4999,1006.0006,0.512
0.685638248920441,13.4878,6.0888,7.5056,1005.899,0.5636
0.3800368309021,9.2533,5.9999,8.3007,998.5989,0.3935
0.419320315122604,9.8274,5.9987,8.2987,998.6067,0.3219
0.359226852655411,8.9455,5.993,8.293,998.6352,0.3423
0.445567280054092,10.2061,5.9,8.2,999.0999,0.3361
0.447025239467621,10.2273,5.9,8.2213,999.1284,0.3799
0.47064882516861,10.5644,6,8.2972,999.7,0.3983
0.527875006198883,11.3689,6,8.2915,999.7,0.4918
0.499083399772644,10.9663,6,8.2873,999.7,0.3921
0.487513571977615,10.8022,6,8.2,999.7,0.3877
0.482787698507309,10.7354,6.0014,8.2028,999.693,0.4004
0.487555742263794,10.8029,6.0085,8.217,999.6574,0.4514
0.445832222700119,10.2088,6.0128,8.2256,999.6361,0.4322
0.553218901157379,11.7195,6.1,8.3886,999.1886,0.4876
0.587071716785431,12.1805,6.0958,8.2,999.0042,0.4946
0.563996970653534,11.8656,6.093,8.2,999.007,0.5004
0.581172287464142,12.1003,6.0915,8.2,999.0085,0.5584
0.631265819072723,12.7758,6.0887,8.2,999.0113,0.5651
0.625475406646729,12.6992,6,8.1943,999.1113,0.511
0.681088149547577,13.4352,6,8.1887,999.1227,0.4605
0.677456676959992,13.3876,6,8.1858,999.1284,0.5251
0.705846846103668,13.7577,6,8.183,999.1341,0.5683
0.88666957616806,16.0206,6,8,999.5,0.7746
0.770957469940186,14.5896,5.9943,7.9773,999.5341,0.6313
0.66866397857666,13.2674,5.9127,7.5873,1000.1636,0.6053
0.693993330001831,13.5974,6,7.4801,1000.6696,0.5606
0.777425765991211,14.6658,6,7.3,1001.3,0.6033
0.780901253223419,14.7096,6,7.2972,1001.3312,0.5821
0.727637112140656,14.0306,6,7.1973,1002.4134,0.4541
0.738067805767059,14.1645,6,7.1945,1002.4276,0.6353
0.773004114627838,14.609,6,7.1802,1002.4988,0.6709
0.723340213298798,13.9751,6,7.1774,1002.513,0.5465
0.6757932305336,13.355,6,7.0057,1003.4595,0.5694
0.776002585887909,14.6455,6,7.0085,1003.4894,0.5563
0.732413232326508,14.0904,6,7.0099,1003.5043,0.6005
0.523368120193481,11.2926,6,7.1028,1004.4793,0.4042
0.565642058849335,11.8774,6,7.1042,1004.4943,0.4459
0.655226945877075,13.0857,5.9972,7.2028,1005.5249,0.5672
0.663212776184082,13.1913,5.9944,7.2056,1005.5505,0.5846
0.66274094581604,13.1851,5.993,7.207,1005.5633,0.5744
0.652634680271149,13.0515,5.9901,7.2099,1005.5889,0.6273
0.588920712471008,12.1965,5.9887,7.2113,1005.6017,0.4846
0.612521052360535,12.5175,5.9,7.3,1006.3999,0.5166
0.649129152297974,13.0066,5.9085,7.2957,1006.4468,0.4811
0.637461245059967,12.8514,5.9113,7.2943,1006.4624,0.6015
0.586826205253601,12.1696,5.917,7.2915,1006.4937,0.4881
0.547041535377502,11.6213,6.1,7.2,1007.5,0.4917
0.517030417919159,11.2041,6.1014,7.2014,1007.5156,0.4024
0.617714762687683,12.5844,6.1099,7.2099,1007.6094,0.4775
0.623100996017456,12.6567,6.1114,7.2114,1007.6251,0.6156
0.573942303657532,11.9911,6.1999,7.2999,1008.5991,0.5602
0.57967871427536,12.0694,6.2,7.2958,1008.6461,0.424
0.53827702999115,11.4989,6.2,7.2014,1009.7155,0.4521
0.463593244552612,10.4478,6.2,7.2071,1009.778,0.3996
0.445471495389938,10.1881,6.2,7.2099,1009.8093,0.4133
0.526922106742859,11.3422,6.2,7.3,1010.8,0.3921
0.509808719158173,11.103,6.1986,7.2972,1010.8142,0.4596
0.470090687274933,10.5416,6.1957,7.2915,1010.8426,0.4467
0.483254015445709,10.7286,6.1943,7.2886,1010.8568,0.4569
0.466152161359787,10.4854,6.1915,7.2829,1010.8853,0.4177
0.418098717927933,9.7921,6.1,7.0987,1011.8188,0.3853
0.34121710062027,8.6569,6.1,7.0944,1011.8786,0.3185
0.325864374637604,8.4243,6.1,6.9986,1013.2098,0.3223
0.293244242668152,7.9276,6.1,6.9972,1013.2198,0.2954
0.328576624393463,8.4652,6.1,6.9957,1013.2298,0.301
0.376708477735519,9.1838,6.1,6.9901,1013.2696,0.3105
0.265984654426575,7.5039,6.1,6.8957,1013.9256,0.3108
0.219758868217468,6.768,6.1,6.8872,1013.9767,0.2188
0.208316504955292,6.5787,6.1,6.8,1014.5503,0.2001
0.243901893496513,7.1545,6.1,6.8,1014.6186,0.2852
0.244285896420479,7.1606,6.1,6.8,1014.6527,0.2517
0.179066628217697,6.0834,6.1,6.8,1015.6998,0.2268
0.182364076375961,6.1405,6.1,6.7943,1015.7454,0.192
0.134671151638031,4.9672,6.1,6.6957,1016.5213,0.1618
0.1292644739151,4.7795,6.1,6.6943,1016.5284,0.1225
0.127449005842209,4.7161,6.1,6.6929,1016.5355,0.1406
0.129287868738174,4.7804,6.1056,6.5888,1017.0337,0.1299
0.120261915028095,4.4633,6.1085,6.5831,1017.0507,0.1584
0.130731835961342,4.8307,6.1127,6.5745,1017.0764,0.1858
0.144695997238159,5.3112,6.2,6.3773,1017.634,0.1934
0.14871384203434,5.4475,6.2,6.3659,1017.6511,0.1694
0.149790868163109,5.4839,6.2,6.3602,1017.6596,0.2072
0.116326011717319,4.324,6.2028,5.9972,1018.2,0.145
0.105856247246265,3.9475,6.2057,5.9943,1018.2,0.1322
0.111182406544685,4.1397,6.1972,6.2028,1022.0085,0.158
0.109690889716148,4.086,6.1943,6.2057,1022.017,0.1565
0.105390511453152,3.9304,6.1915,6.2085,1022.0256,0.1311
0.103932976722717,3.8774,6.1901,6.2099,1022.0298,0.1013
0.09759433567524,3.6453,6.1,6.2972,1022.3142,0.1089
0.097901441156864,3.6566,6.1,6.2957,1022.3213,0.1108
0.097977466881275,3.6594,6.1,6.2915,1022.3426,0.1145
0.145857185125351,5.3508,6.1,6.2001,1022.7996,0.1667
0.128006815910339,4.736,6.1056,6.1944,1022.8056,0.1661
0.13663050532341,5.0352,6.1099,6.1901,1022.8099,0.2001
0.151106551289558,5.5284,6.1127,6.1873,1022.8127,0.2241
0.145054787397385,5.3236,6.2,6.1028,1022.9056,0.155
0.176343604922295,6.0246,6.2,6.3,1023.3,0.1755
0.146784409880638,5.3822,6.2071,6.3,1023.3142,0.1977
0.16499724984169,5.8229,6.2099,6.3,1023.3199,0.1698
0.150266617536545,5.5,6.2114,6.3,1023.3227,0.1998
0.092857398092747,3.4702,6.3965,6.4035,1026.3319,0.1291
0.108912475407124,4.0577,6.3465,6.4535,1026.7818,0.114
0.137863308191299,5.0774,6.3,6.5,1027.2141,0.2153
0.136765018105507,5.0396,6.3,6.5,1027.4,0.1585
0.150851786136627,5.5196,6.3,6.5,1027.3915,0.1768
0.153809428215027,5.6191,6.3,6.5,1027.3801,0.2353
0.161452174186707,5.7608,6.3,6.5,1027.2,0.1837
0.155514493584633,5.6517,6.3028,6.5,1027.2114,0.207
0.133860141038895,4.9393,6.3999,6.5,1027.5997,0.1707
0.136988893151283,5.0473,6.4,6.5141,1027.6211,0.171
0.1392552703619,5.1252,6.4,6.5198,1027.6296,0.17
0.14346881210804,5.2693,6.4,6.5255,1027.6382,0.1697
0.125593587756157,4.6511,6.4,6.7,1027.8999,0.143
0.129568725824356,4.7901,6.4014,6.7028,1027.907,0.1435
0.133359283208847,4.9218,6.4028,6.7057,1027.9141,0.1384
0.123959943652153,4.5937,6.4043,6.7085,1027.9212,0.1389
0.124022550880909,4.5959,6.4057,6.7113,1027.9284,0.1314
0.123289823532104,4.5701,6.4114,6.7227,1027.9568,0.1521
0.097862012684345,3.6546,6.5,6.8915,1028.4213,0.112
0.083397634327412,3.1165,6.5,6.7002,1028.8996,0.0941
0.080882050096989,3.0217,6.4944,6.6832,1028.9337,0.0941
0.075584582984448,2.821,6.4915,6.6746,1028.9507,0.1149
0.078512400388718,2.9321,6.4901,6.6704,1028.9593,0.0983
0.056297589093447,2.0814,6.4,6.4,1029.5455,0.1002
0.073751680552959,2.7515,6.4,6.4,1029.9341,0.091
0.071858420968056,2.6793,6.4,6.4,1029.9384,0.0792
0.097945056855679,3.6582,6.4,6.3,1030.907,0.1359
0.092528618872166,3.4581,6.4,6.3,1030.9284,0.1243
0.098600693047047,3.6823,6.4,6.3,1030.9426,0.1192
0.092890165746212,3.4715,6.4,6.3128,1031.4639,0.1247
0.099185913801193,3.7037,6.4,6.3972,1031.9055,0.14
0.103273287415504,3.8532,6.4,6.3958,1031.9084,0.1275
0.096052519977093,3.5884,6.4,6.393,1031.9141,0.1208
0.108728647232056,4.0512,6.3929,6.3,1032.1142,0.146
0.112005814909935,4.1692,6.3872,6.3,1032.1256,0.1405
0.093866758048534,3.5077,6.3057,6.3,1032.3227,0.13
0.096128791570664,3.5913,6.3099,6.3,1032.3398,0.1098
0.088868699967861,3.3219,6.3999,6.3,1032.6997,0.1288
0.093410603702068,3.4908,6.3958,6.3042,1032.7168,0.0889
0.092375166714191,3.4524,6.3944,6.3056,1032.7224,0.1205
0.095294684171677,3.5605,6.3901,6.3099,1032.7395,0.1107
0.096649818122387,3.6105,6.3873,6.3127,1032.7509,0.1053
0.078719981014729,2.9402,6.3,6.4114,1033.1795,0.0766
0.12837453186512,4.7486,6.3,6.5,1033.8,0.1293
0.117464326322079,4.3641,6.3,6.4972,1033.8099,0.0885
0.117644146084785,4.3705,6.3,6.4915,1033.8298,0.1328
0.125810980796814,4.6589,6.3,6.4858,1033.8497,0.1604
0.131325125694275,4.8514,6.3,6.4829,1033.8597,0.1347
0.124346882104874,4.6075,6.3,6.4744,1033.8895,0.1659
0.114836573600769,4.2706,6.3,6.2889,1034.5138,0.1477
0.126239746809006,4.6741,6.3,6.2776,1034.5281,0.1568
0.123355403542519,4.5728,6.3,6.2491,1034.5636,0.132
0.148485511541367,5.4401,6.3,5.9001,1034.9999,0.1319
0.138851463794708,5.1118,6.3,5.9014,1035.0112,0.184
0.146322295069695,5.3668,6.3,5.9043,1035.034,0.1717
0.151349157094955,5.5367,6.3,6.0028,1035.8114,0.1584
0.15134933590889,5.5367,6.3,6.0114,1035.8455,0.1704
0.123252019286156,4.5692,6.3,6.1998,1036.5994,0.1364
0.138137817382813,5.0873,6.3,5.883,1037.434,0.1378
0.134988754987717,4.9788,6.3,5.8787,1037.4426,0.141
0.120854757726192,4.4851,6.3,5.6,1038,0.1432
0.134244650602341,4.9533,6.3,5.5943,1038.0114,0.1491
0.11635609716177,4.3255,6.3,5.4987,1038.2,0.1036
0.113480940461159,4.2228,6.3,5.493,1038.2,0.1523
0.118315190076828,4.3952,6.3,5.4887,1038.2,0.1784
0.139604315161705,5.138,6.3,5.4028,1038.2,0.1216
0.12663359940052,4.6886,6.3,5.4085,1038.2,0.1642
0.106174640357494,3.9595,6.4,5.4944,1037.7,0.1922
0.138225480914116,5.0906,6.5,5.4986,1037.4057,0.1975
0.135006368160248,4.9797,6.5,5.4972,1037.4114,0.1707
0.125120908021927,4.6355,6.5,5.4872,1037.4512,0.1553
0.135693669319153,5.0035,6.5,5.4001,1037.7997,0.1349
0.138373851776123,5.0958,6.4873,5.3618,1037.8764,0.129
0.115084804594517,4.2805,6.4,5.0943,1038.417,0.1429
0.131575837731361,4.8612,6.4,5.0915,1038.4255,0.1071
0.128979206085205,4.7709,6.4,5,1038.7,0.1271
0.121092312037945,4.494,6.3943,5,1038.7227,0.1218
0.107705891132355,4.0154,6.3042,5,1039.1042,0.0937
0.10035914182663,3.748,6.3099,5,1039.1099,0.1046
0.12483037263155,4.6257,6.3957,4.9957,1039.2212,0.1554
0.11668636649847,4.3377,6.3915,4.9915,1039.2426,0.1422
0.118663750588894,4.408,6.3872,4.9872,1039.2639,0.1197
0.107747666537762,4.017,6.3085,4.9,1039.7256,0.0728
0.088587172329426,3.3127,6.3987,4.9,1039.9987,0.0735
0.084124401211739,3.1456,6.2958,4.8042,1039.2958,0.052
0.08608004450798,3.219,6.293,4.807,1039.293,0.0774
0.082938961684704,3.101,6.2915,4.8085,1039.2915,0.075
0.078720539808273,2.9417,6.2873,4.8127,1039.2873,0.0547
0.092698276042938,3.4657,6.2,4.9,1039.2,0.0829
0.092825070023537,3.4704,6.2028,4.9028,1039.1802,0.0726
0.086973957717419,3.2523,6.3,5,1038.5,0.0634
0.102366283535957,3.8214,6.2872,4.9872,1038.4233,0.0968
0.108713500201702,4.0519,6.2001,4.9001,1037.9005,0.0743
0.101553939282894,3.7918,6.2085,4.9085,1037.9,0.1049
0.091389738023281,3.4171,6.2099,4.9099,1037.9,0.163
0.082486994564533,3.0838,6.2986,4.9986,1037.9014,0.0615
0.081763006746769,3.0566,6.2014,4.9014,1038.0099,0.0863
0.071948789060116,2.6841,6.2028,4.9028,1038.0199,0.087
0.073618985712528,2.7478,6.2085,4.9085,1038.0597,0.069
0.054047532379627,1.9956,6.3,5.0084,1038.7042,0.0331
0.066306233406067,2.4678,6.3,5.217,1038.817,0.0571
0.076154947280884,2.844,6.3,5.2284,1038.8284,0.0811
0.066275745630264,2.4666,6.3,5.2511,1038.8511,0.043
0.070672735571861,2.6347,6.3,5.6284,1039.2,0.0329
0.077928222715855,2.9109,6.3,5.6568,1039.2,0.0605
0.100630767643452,3.7573,6.3043,5.7043,1038.0042,0.1353
0.096718676388264,3.6136,6.3057,5.7057,1038.0057,0.1366
0.117974326014519,4.3829,6.3128,5.7128,1038.0128,0.1069
0.123626083135605,4.5827,6.4,5.8,1038.1,0.1287
0.118683166801929,4.408,6.4,5.8,1038.1,0.1138
0.119015723466873,4.4198,6.4,5.8,1038.1,0.1441
0.114894710481167,4.2731,6.4,5.8,1038.1,0.1449
0.111637204885483,4.1564,6.4,5.8,1038.1,0.1548
0.119331493973732,4.431,6.3987,5.7973,1038.1027,0.1306
0.128229394555092,4.7441,6.3944,5.7888,1038.1112,0.1282
0.098438881337643,3.677,6.3,5.6,1038.3,0.0833
0.097332313656807,3.6363,6.2986,5.6,1038.3014,0.0962
0.096290148794651,3.5979,6.2915,5.6,1038.3085,0.1025
0.104926824569702,3.9141,6.2,5.6043,1038.4043,0.113
0.106196880340576,3.9602,6.2,5.6128,1038.4128,0.1001
0.104019165039063,3.881,6.2,5.6999,1038.4999,0.1677
0.114522911608219,4.2599,6.2,5.7,1038.5013,0.1263
0.098664619028568,3.6852,6.2014,5.7014,1038.6042,0.1235
0.111181356012821,4.1401,6.2057,5.7057,1038.617,0.0823
0.094916522502899,3.547,6.2957,5.8,1038.8957,0.1042
0.099571384489536,3.7183,6.1972,5.9,1037.2859,0.1136
0.094653964042664,3.5372,6.1957,5.9,1037.2787,0.1205
0.096129588782787,3.5917,6.1915,5.9,1037.2574,0.101
0.157087415456772,5.6735,6.2013,6.004,1036.608,0.2097
0.162208765745163,5.7673,6.2042,6.0126,1036.6251,0.1774
0.126751273870468,4.692,6.3,6.3,1037.1999,0.1659
0.123263217508793,4.5695,6.3,6.3142,1037.2497,0.1371
0.129522696137428,4.7888,6.3,6.3199,1037.2696,0.153
0.128250271081924,4.7444,6.3,6.3256,1037.2895,0.1516
0.086837783455849,3.2458,6.3,6.5,1037.8815,0.1028
0.162395283579826,5.7783,6.3,6.5126,1036.6251,0.18
0.166335493326187,5.8496,6.3,6.5211,1036.6422,0.1984
0.164204403758049,5.8113,6.3,6.5254,1036.6507,0.1872
0.170003861188889,5.9154,6.3,6.5339,1036.6678,0.1464
0.11270372569561,4.1938,6.3071,6.8071,1037.1929,0.1137
0.117244124412537,4.356,6.3085,6.8085,1037.1915,0.12
0.119894541800022,4.4501,6.3099,6.8099,1037.1901,0.1109
0.117955602705479,4.3813,6.3114,6.8114,1037.1886,0.1342
0.112499691545963,4.1864,6.4,6.9,1037.1,0.1056
0.111182756721973,4.1391,6.4,6.8986,1037.0872,0.111
0.105671979486942,3.94,6.4,6.8957,1037.0616,0.1183
0.105732545256615,3.9422,6.4,6.8943,1037.0488,0.115
0.103601232171059,3.8647,6.4,6.8915,1037.0233,0.1211
0.101026482880116,3.7707,6.4,6.8872,1036.9849,0.1057
0.121466271579266,4.5057,6.4,6.8126,1036.1791,0.1472
0.122588612139225,4.5453,6.4,6.8296,1036.1506,0.1563
0.131384953856468,4.8532,6.4,6.8382,1036.1364,0.1307
0.210422843694687,6.614,6.4,7.1142,1035.6645,0.2096
0.177954345941544,6.0646,6.4,7.1199,1035.6503,0.2081
0.287944108247757,7.8465,6.3986,7.3014,1035.1986,0.2725
0.224960744380951,6.8549,6.3972,7.3028,1035.1972,0.2571
0.237045675516129,7.0493,6.3957,7.3043,1035.1957,0.2806
0.219668567180634,6.7692,6.3915,7.3085,1035.1915,0.2047
0.17791835963726,6.071,6.3,7.3945,1035.1055,0.222
0.180457770824432,6.1151,6.3,7.3888,1035.1112,0.1951
0.155141562223434,5.6614,6.3,7.3859,1035.1141,0.2183
0.179635122418404,6.1007,6.3,7.3831,1035.1169,0.1828
0.206821843981743,6.5613,6.3,7.3802,1035.1198,0.2226
0.149594768881798,5.4767,6.3,7.2,1035.3,0.1956
0.159713193774223,5.7423,6.3028,7.2057,1035.3,0.1623
0.157024517655373,5.6929,6.3043,7.2085,1035.3,0.1782
0.154142320156097,5.6298,6.3057,7.2113,1035.3,0.2251
0.156794145703316,5.6887,6.3071,7.2142,1035.3,0.1843
0.160744071006775,5.7613,6.3114,7.2227,1035.3,0.1969
0.200858399271965,6.4606,6.4,7.4,1035.3,0.1837
0.166949927806854,5.8752,6.4,7.4,1035.2886,0.1971
0.180243119597435,6.1097,6.4,7.4,1035.2829,0.1781
0.185651659965515,6.2031,6.4,7.4,1035.2801,0.1973
0.20770189166069,6.5744,6.3987,7.4,1035.0973,0.2104
0.209576666355133,6.6054,6.3972,7.4,1035.0945,0.2315
0.211885124444962,6.6453,6.3021,7.4064,1034.8957,0.2445
0.219811871647835,6.775,6.3028,7.4085,1034.8943,0.2254
0.205657675862312,6.5425,6.3035,7.4106,1034.8929,0.2241
0.199491322040558,6.4415,6.3514,7.5542,1034.7972,0.2135
0.181308448314667,6.132,6.3521,7.5563,1034.7958,0.1988
0.192464783787727,6.3232,6.3535,7.5606,1034.7929,0.1869
0.189633026719093,6.2751,6.3542,7.5627,1034.7915,0.1949
0.234955295920372,7.0233,6.3901,7.7099,1034.6308,0.2323
0.264101892709732,7.4871,6.3,7.8014,1033.9958,0.2644
0.270600527524948,7.5884,6.3,7.8028,1033.9915,0.2564
0.288058251142502,7.8584,6.3,7.8043,1033.9872,0.2695
0.282635718584061,7.7749,6.3,7.8071,1033.9787,0.2535
0.294217348098755,7.9531,6.3,7.8114,1033.9659,0.2177
0.289942592382431,7.889,6.3,7.9014,1033.6929,0.259
0.263054460287094,7.4725,6.3,7.9028,1033.6858,0.2503
0.235061764717102,7.0302,6.3,7.9085,1033.6574,0.2543
0.328240156173706,8.4731,6.3,7.9973,1033.1987,0.2752
0.326461791992188,8.4462,6.3,7.9916,1033.1958,0.3056
0.354965656995773,8.8732,6.3,7.9802,1033.1901,0.2747
0.307439774274826,8.1578,6.3,7.9774,1033.1887,0.2795
0.268018454313278,7.5485,6.3,7.8199,1033.0503,0.2585
0.317843914031982,8.3161,6.3,8,1032.6,0.2539
0.299222946166992,8.0328,6.3,7.9972,1032.6,0.3224
0.268955022096634,7.5659,6.3,7.9829,1032.6,0.274
0.309596598148346,8.1906,6.3,7.9773,1032.6,0.2954
0.22751048207283,6.9073,6.3,7.8211,1032.5719,0.2429
0.257131099700928,7.3785,6.3,7.8339,1032.5548,0.2505
0.308741927146912,8.1796,6.3,8.1,1032.1859,0.3093
0.289368659257889,7.8835,6.3,8.1,1032.1787,0.3054
0.289811313152313,7.8903,6.3,8.1,1032.1574,0.2612
0.329163491725922,8.4917,6.3,8.2958,1031.6126,0.2858
0.325968682765961,8.4435,6.3,8.2915,1031.6254,0.2967
0.355334341526032,8.882,6.3,8.2,1031.8999,0.3051
0.332870572805405,8.5461,6.3,8.2085,1031.8957,0.278
0.340985000133514,8.6679,6.3,8.2113,1031.8943,0.2958
0.327459812164307,8.4648,6.3,8.217,1031.8915,0.2871
0.340626329183579,8.6654,6.3,8.3972,1031.8085,0.3093
0.333032757043839,8.5514,6.3,8.3915,1031.8256,0.3181
0.289779096841812,7.8912,6.3085,8.1915,1032.3662,0.2644
0.332808881998062,8.5421,6.3943,8.1057,1031.966,0.2905
0.339726001024246,8.646,6.3929,8.1071,1031.9574,0.2988
0.43995925784111,10.1206,6.3,8.1972,1031.3943,0.3886
0.387894511222839,9.3634,6.3,8.1929,1031.3858,0.3355
0.428161114454269,9.9493,6.3,8.1169,1031.1746,0.3498
0.407142609357834,9.6441,6.3,8.1198,1031.1704,0.3706
0.386734366416931,9.3477,6.3128,8.3,1030.9,0.3603
0.39952826499939,9.534,6.3972,8.2943,1030.9114,0.3511
0.37007999420166,9.1008,6.3957,8.2915,1030.917,0.3784
0.390005886554718,9.3944,6.3915,8.2829,1030.9341,0.3038
0.337678968906403,8.6165,6.3,8.093,1031.2859,0.3126
0.337178409099579,8.6089,6.3,8.0873,1031.2745,0.3106
0.316881000995636,8.3015,6.3,8,1031.1,0.317
0.360747992992401,8.9595,6.3,8,1031.1,0.3166
0.351143211126328,8.8165,6.3,8,1031.1,0.2687
0.332523286342621,8.5376,6.3,8,1031.1,0.2887
0.328234285116196,8.4731,6.3,8.0043,1031.0986,0.2841
0.334818422794342,8.5723,6.3,8.0128,1031.0957,0.2864
0.340100675821304,8.6517,6.3,8.0213,1031.0929,0.2703
0.335329294204712,8.5845,6.3,8.3028,1030.9972,0.3037
0.366893142461777,9.0552,6.3,8.3042,1030.9958,0.2697
0.325118780136108,8.4309,6.3,8.3056,1030.9944,0.3205
0.360022246837616,8.9534,6.3,8.3127,1030.9873,0.3429
0.32951346039772,8.4986,6.3,8.4,1030.883,0.3014
0.338041454553604,8.6267,6.3,8.4,1030.8773,0.2984
0.343798071146011,8.7129,6.3,8.4,1030.8744,0.3006
0.326310217380524,8.4504,6.3028,8.4057,1030.6716,0.3236
0.343712091445923,8.7117,6.3057,8.4114,1030.6432,0.3346
0.353210479021072,8.8549,6.3999,8.5998,1029.7008,0.3211
0.381813198328018,9.2785,6.4,8.6084,1029.6665,0.324
0.369438171386719,9.0961,6.4,8.6226,1029.6096,0.2819
0.371362686157227,9.1246,6.4,8.6255,1029.5982,0.3172
0.45162171125412,10.2946,6.4,8.8042,1028.8944,0.3348
0.409418076276779,9.6856,6.4,8.8256,1028.8659,0.3732
0.434322983026505,10.0464,6.4,8.8298,1028.8602,0.3741
0.428847372531891,9.9675,6.4,8.8384,1028.8489,0.3625
0.421977519989014,9.8716,6.4,9.0972,1028.4957,0.3995
0.419252008199692,9.8294,6.4,8.8958,1028.1749,0.3608
0.394722133874893,9.472,6.4,8.8915,1028.1492,0.3979
0.449891775846481,10.2697,6.3957,8.7915,1027.5787,0.3658
0.482554525136948,10.7347,6.3901,8.7801,1027.5503,0.3995
0.447512626647949,10.2355,6.3886,8.7773,1027.5432,0.3702
0.462723761796951,10.453,6.3872,8.7744,1027.5361,0.4045
0.48450431227684,10.7612,6.3014,8.6043,1027.0943,0.4119
0.444689989089966,10.1939,6.3028,8.6085,1027.0886,0.4542
0.451609313488007,10.2932,6.3057,8.617,1027.0773,0.4232
0.428933590650558,9.9671,6.3085,8.6256,1027.0659,0.3982
0.466532021760941,10.5064,6.3099,8.6298,1027.0602,0.4121
0.389378249645233,9.3938,6.3999,8.8998,1026.7003,0.3914
0.446333587169647,10.22,6.4,8.8987,1026.6973,0.3914
0.462243884801865,10.4475,6.4,8.8944,1026.6888,0.4431
0.490537077188492,10.8487,6.4,8.893,1026.6859,0.3779
0.451021313667297,10.2871,6.4,8.8915,1026.6831,0.4
0.44389021396637,10.1848,6.4,8.8887,1026.6774,0.3935
0.422363877296448,9.873,6.4213,8.8071,1026.4858,0.3831
0.413305282592773,9.7415,6.4298,8.8099,1026.4801,0.3785
0.414620220661163,9.7582,6.7,8.9,1026.3,0.3786
0.458361983299255,10.3884,6.7028,8.9,1026.2986,0.3907
0.472599416971207,10.5912,6.7057,8.9,1026.2972,0.3696
0.433075547218323,10.0253,6.7085,8.9,1026.2957,0.3852
0.440948456525803,10.1386,6.7171,8.9,1026.2915,0.3891
0.447068870067596,10.2242,6.8998,8.9,1026.2001,0.4136
0.40343588590622,9.5926,6.9013,8.9027,1026.2054,0.3025
0.452286213636398,10.2991,6.907,8.9141,1026.2281,0.3593
0.434647977352142,10.0456,6.9085,8.9169,1026.2338,0.4472
0.394990146160126,9.4705,7,9.1,1026.5999,0.3625
0.426231890916824,9.9253,7,9.1028,1026.5958,0.392
0.431383788585663,9.9998,7,9.1057,1026.5915,0.4609
0.395245522260666,9.4746,7,9.1256,1026.5616,0.4176
0.384730964899063,9.3228,7,9.3,1026.3,0.3685
0.424400895833969,9.9014,7,9.2972,1026.2716,0.4013
0.441723167896271,10.1512,7,9.2915,1026.2147,0.345
0.476049870252609,10.6403,6.9987,9.1987,1025.296,0.5156
0.506287097930908,11.0668,6.9915,9.1915,1025.2746,0.4297
0.503592848777771,11.029,6.9887,9.1887,1025.2661,0.4161
0.456666499376297,10.3643,6.9028,9.1085,1024.9802,0.4693
0.419347494840622,9.827,6.9057,9.117,1024.9603,0.4045
0.467676669359207,10.5215,6.9085,9.1256,1024.9404,0.4259
0.475787192583084,10.6368,6.9099,9.1298,1024.9304,0.4455
0.467807412147522,10.5257,7,9.4043,1024.2574,0.3359
0.485044896602631,10.7702,7,9.4071,1024.229,0.4536
0.46492862701416,10.4848,7,9.4114,1024.1863,0.423
0.502551972866058,11.0179,7,9.4999,1023.3008,0.4802
0.492774963378906,10.8804,6.9987,9.4987,1023.2906,0.447
0.496055960655212,10.9266,6.9958,9.4958,1023.2707,0.4534
0.508071839809418,11.0953,6.993,9.493,1023.2508,0.4465
0.475558876991272,10.637,6.9901,9.4901,1023.2308,0.4339
0.516295433044434,11.2103,6.9873,9.4873,1023.2109,0.4817
0.514750123023987,11.1887,6.9,9.4,1022.6001,0.404
0.55760669708252,11.7825,6.9057,9.4113,1022.5802,0.4304
0.534623980522156,11.4654,6.9113,9.4227,1022.5603,0.4979
0.548623740673065,11.659,6.917,9.4341,1022.5404,0.4041
0.528658151626587,11.3827,6.9199,9.4398,1022.5304,0.3571
0.492215037345886,10.8749,7.1,9.8,1021.9,0.4278
0.515073657035828,11.1953,7.1,9.7787,1021.829,0.4592
0.544517397880554,11.604,7.1,9.7659,1021.7863,0.4192
0.479073286056519,10.6858,7.1056,9.5224,1020.9112,0.4362
0.482233434915543,10.7307,7.1099,9.5395,1020.9198,0.5146
0.66561895608902,13.2369,7.2028,9.8802,1021.0802,0.4767
0.643308639526367,12.9418,7.2043,9.8702,1021.0702,0.6172
0.437222123146057,10.0812,7.3014,9.1943,1020.3915,0.4108
0.419710576534271,9.8276,7.3071,9.1716,1020.3574,0.3377
0.39866715669632,9.5145,7.3999,8.8003,1019.8005,0.3604
0.384229362010956,9.3025,7.4042,8.8042,1019.7874,0.3159
0.396106779575348,9.477,7.5,8.9,1019.5,0.4238
0.451389849185944,10.2785,7.5,8.9,1019.5,0.3991
0.474995911121368,10.6155,7.5,8.9,1019.5,0.3793
0.439843118190765,10.1123,7.5,8.883,1019.5085,0.4464
0.463357478380203,10.4492,7.5,8.8574,1019.5213,0.4516
0.420370101928711,9.8301,7.5,8.8403,1019.5298,0.3494
0.531308233737946,11.4005,7.5,8.3296,1019.8692,0.4338
0.458431512117386,10.3722,7.5,8.3382,1019.8891,0.4254
0.437720715999603,10.0776,7.5,8.5702,1020.5298,0.3944
0.406151711940765,9.6156,7.5,8.3,1020.8,0.3538
0.425295531749725,9.8942,7.4943,8.2886,1020.8028,0.3519
0.37137708067894,9.1038,7.4915,8.2829,1020.8043,0.37
0.418167322874069,9.7906,7.4886,8.2773,1020.8057,0.2937
0.375192016363144,9.1602,7.4858,8.2716,1020.8071,0.3747
0.430764615535736,9.9732,7.4773,8.2545,1020.8114,0.3602
0.294248580932617,7.9384,7.2945,7.9,1020.9083,0.2798
0.265101462602615,7.4872,7.2831,7.9,1020.9254,0.3157
0.325777351856232,8.4216,7.1028,7.8972,1021.1943,0.3433
0.315536737442017,8.2664,7.1057,7.8943,1021.1887,0.3062
0.309528112411499,8.1749,7.1099,7.8901,1021.1801,0.2863
0.297491431236267,7.9879,7.2043,7.7957,1021.0171,0.2825
0.283951789140701,7.7794,7.2099,7.7901,1021.0398,0.2761
0.283712178468704,7.7756,7.2128,7.7872,1021.0512,0.3059
0.289998292922974,7.8693,7.3,7.6831,1021.4423,0.3021
0.290105402469635,7.8709,7.3,7.6802,1021.4494,0.261
0.26914194226265,7.543,7.3099,7.5099,1021.9,0.232
0.292986482381821,7.9122,7.4,7.6,1021.9,0.2994
0.222277238965034,6.8001,7.4,7.7,1022.0888,0.2386
0.219352647662163,6.7525,7.4,7.7,1022.0774,0.2257
0.193146780133247,6.3175,7.4,7.7,1022.0319,0.2111
0.186541333794594,6.2047,7.4,7.6886,1021.2886,0.1962
0.172163888812065,5.9508,7.4028,7.5028,1021.0972,0.1658
0.16622456908226,5.8449,7.4042,7.5042,1021.0958,0.2098
0.169753924012184,5.908,7.5,7.6,1021,0.2039
0.149833768606186,5.4845,7.5,7.5957,1021.017,0.1997
0.16301816701889,5.7869,7.5,7.5943,1021.0227,0.2102
0.153384447097778,5.6041,7.5,7.5901,1021.0398,0.215
0.163404896855354,5.7938,7.5,7.5886,1021.0455,0.2104
0.174229338765144,5.987,7.5,7.5872,1021.0511,0.1898
0.143660083413124,5.2751,7.5,7.5256,1021.4512,0.1861
0.160336881875992,5.7401,7.5,7.7,1021.7831,0.2131
0.174306645989418,5.9905,7.5,7.7,1021.7745,0.2178
0.171026542782784,5.9306,7.4,7.4972,1021.7014,0.2093
0.189930289983749,6.2553,7.4028,7.3028,1021.8138,0.215
0.23420412838459,6.9853,7.4127,7.3127,1021.8636,0.2035
0.255280166864395,7.3204,7.5,7.4,1022.283,0.2481
0.267574846744537,7.5133,7.5,7.4,1022.2318,0.2864
0.13965617120266,5.1383,7.5,7.4,1021.7014,0.1504
0.148087844252586,5.4256,7.5,7.4,1021.7114,0.1667
0.164456516504288,5.8093,7.5013,7.4027,1021.796,0.1923
0.173263818025589,5.9665,7.5028,7.4055,1021.7917,0.1992
0.191692188382149,6.2854,7.507,7.4141,1021.7789,0.2255
0.179868921637535,6.0823,7.5085,7.4169,1021.7746,0.1768
0.16821676492691,5.877,7.5099,7.4198,1021.7704,0.1824
0.157971054315567,5.6931,7.6057,7.6141,1021.5028,0.2316
0.14868351817131,5.4456,7.6113,7.6284,1021.5057,0.2149
0.157409533858299,5.683,7.6142,7.6355,1021.5071,0.1915
0.337016999721527,8.5826,7.8,8.0517,1021.6085,0.3188
0.343588680028915,8.6806,7.8,8.0034,1021.617,0.326
0.255330950021744,7.3262,7.8,7.9792,1021.6213,0.3249
0.329852104187012,8.4723,7.8,7.9067,1021.6341,0.3025
0.511918962001801,11.1036,7.8,6.4014,1021.8998,0.4166
0.557202816009522,11.7342,7.8,6.3749,1021.9335,0.5036
0.472637414932251,10.546,7.8,6.3236,1022.0018,0.4961
0.507600843906403,11.0347,7.8099,5.7304,1022.7497,0.4345
0.505483210086823,11.0047,7.8114,5.7205,1022.7568,0.4016
0.456763118505478,10.3013,7.9,5.1,1023.2,0.3595
0.409290373325348,9.6048,7.9226,4.6887,1023.5904,0.3535
0.51604700088501,11.1367,8.0972,4.5915,1024.3113,0.3439
0.494471907615662,10.8316,8.0943,4.583,1024.3227,0.3749
0.488409608602524,10.7453,8.0901,4.5702,1024.3398,0.3842
0.474222898483276,10.5398,8,4.2503,1024.7796,0.4013
0.425299316644669,9.832,8,4.2432,1024.7909,0.4002
0.492167621850967,10.7957,8,4.2361,1024.8023,0.3321
0.378319531679153,9.1323,8,3.7987,1025.5148,0.3781
0.423944085836411,9.8059,8,3.793,1025.5774,0.3241
0.47729104757309,10.5767,8,3.7,1026.5998,0.3023
0.389637500047684,9.2985,8,3.6574,1026.6497,0.2903
0.38611575961113,9.2377,8,3.0915,1027.3114,0.373
0.395583689212799,9.3782,8,3.0872,1027.3171,0.2722
0.488424748182297,10.7244,8,2.8002,1027.6997,0.3454
0.318854659795761,8.2177,7.9987,2.7973,1027.7027,0.2915
0.371796250343323,9.0195,7.9972,2.7945,1027.7055,0.3589
0.300254732370377,7.9313,7.9958,2.7916,1027.7084,0.2186
0.277744263410568,7.5809,7.9887,2.7774,1027.7226,0.2914
0.350558042526245,8.6999,7.9873,2.7745,1027.7254,0.2591
0.276221871376038,7.5555,7.9,2.6057,1027.883,0.2762
0.279612600803375,7.6087,7.9,2.6113,1027.866,0.2188
0.274242162704468,7.5246,7.9,2.6142,1027.8574,0.2545
0.322029769420624,8.268,7.9,2.8,1027.2943,0.3383
0.268773317337036,7.4419,7.9,2.7915,1027.1254,0.3124
0.24300155043602,7.0325,7.9,2.7887,1027.1339,0.236
0.169626474380493,5.802,7.9,2.7,1027.3999,0.2088
0.174029156565666,5.8805,7.9,2.7284,1027.4,0.2164
0.237120255827904,6.937,7.9,2.7398,1027.4,0.209
0.116766788065434,4.3422,7.9,3.083,1027.4057,0.1457
0.190638452768326,6.1752,7.9,3.0744,1027.4085,0.2031
0.201553791761398,6.3546,7.9,2.8169,1027.5338,0.2247
0.135800212621689,5.009,7.9,3,1028.2,0.1654
0.113163180649281,4.2136,7.9,2.9943,1028.2028,0.0888
0.107742369174957,4.0186,7.9,2.9,1028.3,0.1544
0.117923952639103,4.3835,7.8929,2.9071,1028.3071,0.1535
0.104495875537395,3.9008,7.8071,2.9929,1028.3929,0.1812
0.118180394172668,4.3926,7.9,2.9169,1028.2662,0.1755
0.105004794895649,3.9192,7.9099,3.1,1027.8702,0.1724
0.145987093448639,5.3574,7.9958,3.1,1027.3958,0.1763
0.138802379369736,5.1122,7.9,3.1,1027.2787,0.1655
0.159892588853836,5.6351,7.9,3.1128,1026.7957,0.2209
0.168495386838913,5.7903,7.9,3.117,1026.7943,0.1745
0.150697275996208,5.4655,7.9,3.1298,1026.7901,0.1634
0.168436020612717,5.7895,7.9099,3.1398,1026.6702,0.231
0.175053536891937,5.9123,7.9901,3.5,1026.4199,0.2125
0.126778170466423,4.6948,7.9,4,1026.3,0.2037
0.157324895262718,5.6079,7.9958,4.2,1026.4665,0.1932
0.178289204835892,5.9849,7.9,4.2071,1025.6574,0.216
0.18359237909317,6.077,7.9,4.2099,1025.6404,0.2054
0.242167964577675,7.0479,7.9085,4.3085,1025.0574,0.2059
0.233408778905869,6.9071,8,4.3987,1024.596,0.1889
0.196668535470963,6.3018,8,4.3944,1024.5832,0.2536
0.219275042414665,6.6772,8,4.3887,1024.5661,0.1899
0.249390557408333,7.1615,8,4.3085,1024.3085,0.2123
0.248261630535126,7.1436,8,4.3128,1024.3128,0.3105
0.20409868657589,6.4266,8,4.4,1024.4128,0.155
0.184190690517426,6.0891,8,4.4,1024.4384,0.2133
0.206311285495758,6.4637,7.9887,4.4,1024.7,0.1833
0.147332295775414,5.4021,7.9014,4.4042,1024.6972,0.1578
0.138889297842979,5.1142,7.9071,4.4213,1024.6858,0.153
0.161241009831429,5.6896,7.9943,4.7114,1024.5,0.1513
0.153886705636978,5.5547,7.9901,4.7199,1024.5,0.191
0.134796276688576,4.9729,7.9001,4.8998,1024.5,0.2061
0.1421068161726,5.224,7.9,4.9055,1024.5055,0.1244
0.138308763504028,5.0939,7.9,4.9112,1024.5112,0.0987
0.220740839838982,6.7168,7.9,5.1,1024.7,0.253
0.210968062281609,6.5566,7.8943,5.1113,1024.717,0.1807
0.190182894468308,6.2135,7.8,5.3,1025,0.1608
0.185931876301765,6.1408,7.8014,5.3043,1025.0028,0.2078
0.211090490221977,6.5643,7.8057,5.317,1025.0114,0.2059
0.180802330374718,6.0525,7.8085,5.3256,1025.0171,0.1377
0.163589686155319,5.7515,7.9,5.6027,1025.1973,0.2
0.213076189160347,6.6008,7.9,5.6055,1025.1945,0.1487
0.179839134216309,6.0395,7.9,5.6084,1025.1916,0.1383
0.232676208019257,6.9237,7.9,5.8,1025,0.1575
0.24503880739212,7.1218,7.9,5.8,1024.9404,0.2073
0.154583334922791,5.5904,7.9,5.8,1024.3787,0.1982
0.176720261573792,5.9888,7.9,5.8,1024.3616,0.1236
0.234010562300682,6.9456,7.8887,5.8113,1024.1113,0.1334
0.205592662096024,6.4845,7.8,5.9,1024.2,0.1992
0.213180363178253,6.6101,7.8014,5.9042,1024.1986,0.1968
0.191735967993736,6.2517,7.8028,5.9085,1024.1972,0.2165
0.216502979397774,6.6648,7.8043,5.9128,1024.1957,0.19
0.184851065278053,6.1341,7.8071,5.9213,1024.1929,0.2253
0.182364583015442,6.0913,7.8099,5.9298,1024.1901,0.2109
0.201119229197502,6.4137,7.9,6.2,1024.1,0.1481
0.159005597233772,5.6799,7.9,6.2142,1024.1,0.1857
0.17750371992588,6.0107,7.9,6.2227,1024.1,0.1645
0.178004249930382,6.0195,7.9,6.2256,1024.1,0.1675
0.164253890514374,5.7789,7.9,6.4,1024.1,0.1419
0.154211714863777,5.595,7.9,6.4,1024.1,0.1632
0.168571725487709,5.8564,7.9,6.4,1024.1,0.1773
0.203073605895042,6.4502,7.9,6.4,1024.1,0.1528
0.204693302512169,6.4772,7.9,6.4,1024.1,0.1394
0.154577761888504,5.6018,7.9,6.4,1024.1,0.1089
0.146936863660812,5.3873,7.9,6.4,1024.1,0.1433
0.136966064572334,5.0466,7.9,6.4,1024.1,0.1814
0.116461895406246,4.3285,7.9,6.3958,1024.1084,0.1373
0.176299676299095,5.9951,7.8,6.4057,1023.8915,0.1493
0.186104699969292,6.1652,7.8,6.4085,1023.8872,0.222
0.164888352155685,5.7925,7.8,6.4114,1023.8829,0.195
0.151155635714531,5.5299,7.8,6.4142,1023.8787,0.2189
0.17512983083725,5.9749,7.8,6.4227,1023.8659,0.1325
0.189405247569084,6.2254,7.8,6.6013,1023.5919,0.2048
0.228106871247292,6.8688,7.8,6.7098,1022.9888,0.1793
0.227601572871208,6.861,7.8,6.7298,1022.966,0.1659
0.255246877670288,7.3032,7.8,6.7696,1022.9205,0.2404
0.282068341970444,7.7371,7.7,7.5083,1021.3862,0.1794
0.281953752040863,7.7354,7.7,7.5126,1021.3791,0.2258
0.225649893283844,6.8461,7.7,7.5296,1021.3506,0.2644
0.312501609325409,8.2089,7.7043,7.7915,1020.883,0.2574
0.30612975358963,8.1116,7.7071,7.7858,1020.8716,0.2204
0.259433150291443,7.3887,7.7114,7.7773,1020.8545,0.23
0.278154999017715,7.6763,7.8,7.6,1020.5,0.2322
0.291926383972168,7.8893,7.8028,7.6114,1020.4886,0.3484
0.344607800245285,8.6898,7.8043,7.6171,1020.4829,0.1999
0.260734677314758,7.4048,7.8071,7.6284,1020.4716,0.2634
0.316590130329132,8.2669,7.8099,7.6398,1020.4602,0.2945
0.302662372589111,8.0546,7.8128,7.6512,1020.4488,0.2484
0.326485842466354,8.4215,7.9,8.0113,1020.1,0.299
0.255774736404419,7.3339,7.9,8.1199,1020.0602,0.2276
0.207473859190941,6.5594,7.9,8.3128,1019.6872,0.2166
0.213549554347992,6.6599,7.9,8.3298,1019.6702,0.2047
0.221852123737335,6.7957,7.9,8.3384,1019.6616,0.2685
0.132501631975174,4.8906,7.9,8.5972,1019.3972,0.1971
0.149720773100853,5.48,7.9,8.5901,1019.3901,0.1855
0.14454847574234,5.3046,7.9,8.5887,1019.3887,0.143
0.185013696551323,6.1842,7.9,8.5,1019.3,0.2181
0.179718226194382,6.0926,7.9,8.5,1019.2787,0.1909
0.212554261088371,6.6467,7.9,8.5,1019.2503,0.2304
0.211973935365677,6.6372,7.9,8.5028,1018.783,0.2344
0.189735174179077,6.2652,7.9,8.5085,1018.7488,0.2192
0.188599467277527,6.2459,7.9,8.5128,1018.7233,0.2454
0.260095566511154,7.4104,7.9,8.6067,1018.1893,0.23
0.245312184095383,7.1773,7.9,8.6138,1018.1779,0.2253
0.241986125707626,7.1252,7.9,8.6565,1018.1096,0.2695
0.236066564917564,7.0296,7.9,8.5957,1017.0574,0.2621
0.265781432390213,7.4991,7.9,8.5901,1017.0005,0.2554
0.34215983748436,8.6651,7.9,8.4888,1016.0888,0.294
0.320103257894516,8.3324,7.9,8.4831,1016.0831,0.2712
0.295448184013367,7.9564,7.9,8.4802,1016.0802,0.2512
0.249360233545303,7.2358,7.9,8.3,1015.8859,0.3054
0.25017574429512,7.2487,7.9,8.3,1015.8716,0.2591
0.225153535604477,6.8485,7.9,8.3,1015.8645,0.2862
0.242561236023903,7.1279,7.9,8.3,1015.8574,0.2612
0.220208927989006,6.7683,7.9,8.3057,1015.3943,0.2433
0.233096480369568,6.9771,7.9,8.3284,1015.3716,0.2215
0.233849763870239,6.9894,7.9,8.3398,1015.3602,0.2321
0.212272077798843,6.6457,7.9,8.7,1015,0.2424
0.198573932051659,6.4182,7.9,8.7,1015,0.2082
0.216149613261223,6.7093,7.9,8.7,1015,0.246
0.213943377137184,6.6732,7.9014,8.7042,1014.9944,0.2613
0.207731381058693,6.571,7.9057,8.717,1014.9773,0.2153
0.214146569371223,6.6769,7.9114,8.7341,1014.9545,0.2447
0.261058479547501,7.4306,8,9,1014.5872,0.2625
0.177012383937836,6.0453,7.9972,8.5972,1014.7972,0.1938
0.187127292156219,6.2204,7.9957,8.5957,1014.7957,0.1991
0.195018634200096,6.3546,7.9943,8.5943,1014.7943,0.2343
0.19583722949028,6.3684,7.9,8.4986,1014.6972,0.2332
0.205498158931732,6.53,7.9,8.4972,1014.6943,0.1892
0.159251257777214,5.7256,7.9,8.4001,1014.5002,0.2006
0.17210365831852,5.9572,7.9028,8.4111,1014.4806,0.1957
0.156515926122665,5.6809,8,8.8085,1013.7404,0.1688
0.171726748347282,5.9579,8,8.9057,1013.0432,0.2285
0.190404191613197,6.2821,8,8.9085,1013.0147,0.2211
0.188113614916801,6.2431,8,8.9128,1012.9721,0.2594
0.276884824037552,7.6722,8,8.7113,1009.4859,0.281
0.260958671569824,7.4243,8,8.7341,1009.4574,0.2637
0.283884048461914,7.7811,8,8.7455,1009.4432,0.2947
0.28304922580719,7.7683,8,8.7511,1009.4361,0.3044
0.270389378070831,7.5745,8,8.9002,1007.701,0.2576
0.262280851602554,7.4479,8,8.9,1007.6859,0.2647
0.261699765920639,7.4388,8,8.9,1007.6831,0.2792
0.314027845859528,8.2451,8,8.8915,1007.483,0.2911
0.303381264209747,8.0829,8,8.8901,1007.4801,0.2632
0.305107027292252,8.1092,8,8.8872,1007.4744,0.2707
0.244769185781479,7.1702,8,8.8071,1007.2957,0.2793
0.290094554424286,7.8782,8,8.8284,1007.2829,0.2932
0.30493688583374,8.1061,8,8.8568,1007.2659,0.2836
0.359613537788391,8.9246,8,8.5001,1006.9,0.3059
0.291386932134628,7.8923,8,8.4858,1006.8574,0.3324
0.295789331197739,7.9598,8,8.4773,1006.8318,0.3056
0.308889985084534,8.1601,8,8.4744,1006.8233,0.3372
0.224909782409668,6.8421,7.9915,8.2659,1006.2488,0.2516
0.124889247119427,4.6249,7.9986,8.5042,1005.2916,0.1241
0.128403440117836,4.748,7.9957,8.5128,1005.2745,0.1431
0.11740605533123,4.3603,7.9929,8.5213,1005.2574,0.1508
0.137470617890358,5.0621,7.9,8.8831,1004.3746,0.1901
0.141372486948967,5.196,7.9,8.8802,1004.3704,0.1662
0.144777819514275,5.3122,7.9,8.8774,1004.3661,0.1609
0.30631497502327,8.126,7.9,8.6915,1003.9199,0.307
0.37507563829422,9.158,7.9,8.6616,1003.9895,0.3527
0.316818594932556,8.281,7.9,8.3946,1004.6067,0.3337
0.245245292782784,7.1714,7.9,8.3548,1004.6565,0.2757
0.256021797657013,7.3352,7.9,7.9859,1005.1028,0.2504
0.262099891901016,7.4302,7.9,7.9574,1005.1085,0.2665
0.288434773683548,7.8393,7.9,7.9432,1005.1114,0.2596
0.275468647480011,7.6309,7.9,7.5,1005.2,0.291
0.280305504798889,7.7062,7.9028,7.5142,1005.2114,0.3142
0.30838480591774,8.1445,7.9958,7.9916,1005.6042,0.3427
0.291429072618485,7.8846,7.993,7.9859,1005.607,0.309
0.292180180549622,7.8961,7.9901,7.9802,1005.6099,0.271
0.278600513935089,7.6863,7.9887,7.9774,1005.6113,0.2987
0.260314106941223,7.3994,7.9,7.8,1005.7,0.3401
0.267416685819626,7.5107,7.9028,7.8057,1005.6915,0.2521
0.284915000200272,7.7826,7.9043,7.8085,1005.6872,0.2789
0.25386393070221,7.298,7.9071,7.8142,1005.6787,0.2937
0.288252353668213,7.8342,7.9085,7.817,1005.6744,0.3587
0.228477090597153,6.8946,8.0142,8.0071,1005.3503,0.3019
0.35042268037796,8.7737,8.1972,7.8057,1004.9114,0.317
0.391115307807922,9.3782,8.1943,7.8114,1004.9227,0.3637
0.365042805671692,8.9922,8.1929,7.8142,1004.9284,0.2787
0.347709387540817,8.7333,8.1915,7.8171,1004.9341,0.2896
0.323126882314682,8.3671,8.1,8,1005.3027,0.2446
0.325933426618576,8.4096,8.1,8,1005.3055,0.2437
0.335283637046814,8.5508,8.1,8,1005.3169,0.2836
0.298428595066071,7.9906,8.1,8,1005.3255,0.3227
0.334574997425079,8.5401,8.1014,8,1005.5014,0.3162
0.29783833026886,7.9815,8.1028,8,1005.5028,0.3267
0.269535481929779,7.542,8.2,8,1005.6,0.2586
0.303530156612396,8.0671,8.2,8,1005.5915,0.2669
0.280047804117203,7.7055,8.2,8,1005.5773,0.2649
0.280480086803436,7.7122,8.2,8,1005.5744,0.2659
0.282938987016678,7.7503,8.1987,8,1005.3987,0.311
0.229256331920624,6.9037,8.1958,8,1005.3958,0.3295
0.275493919849396,7.635,8.1887,8,1005.3887,0.301
0.212240889668465,6.6283,8.1,8,1005.3042,0.2564
0.23889397084713,7.0602,8.1,8,1005.3085,0.2098
0.286187410354614,7.8022,8.1,8,1005.3114,0.2511
0.259129673242569,7.3808,8.1,8,1005.3128,0.2433
0.11748268455267,4.3636,8.2,7.8491,1004.7491,0.1628
0.146801769733429,5.3821,8.1,7.2801,1004.1508,0.16
0.129675433039665,4.7936,8.1,6.9787,1001.7361,0.1087
0.123716071248055,4.5849,8.1,6.9744,1001.7233,0.1596
0.118443436920643,4.3985,8.1,6.9659,1001.6977,0.1428
0.063270650804043,2.3496,8.2085,7.0341,999.6319,0.0568
0.056924890726805,2.1051,8.2099,7.0398,999.6205,0.0645
0.062358640134335,2.3145,8.2128,7.0511,999.5977,0.0762
0.090030878782272,3.3642,8.3,7.4085,998.8744,0.081
0.08926398307085,3.3356,8.3,7.4227,998.8318,0.0585
0.116901151835918,4.3432,8.3,7.5,997.1574,0.1403
0.126975908875465,4.6989,8.2972,7.4943,996.583,0.1577
0.13407576084137,4.946,8.2943,7.4886,996.5659,0.1591
0.138111501932144,5.0852,8.2901,7.4801,996.5403,0.1685
0.146507680416107,5.3721,8.2113,7.3113,995.9661,0.1296
0.146790653467178,5.3817,8.2127,7.3127,995.9618,0.2038
0.14727608859539,5.3981,8.2943,7.4,995.6773,0.2073
0.185175120830536,6.1583,8.2929,7.4,995.6716,0.1849
0.137545719742775,5.0658,8.1943,7.4,995.2943,0.1627
0.127230942249298,4.7079,8.1013,7.4027,995.2094,0.1827
0.140607669949532,5.1709,8.1056,7.4112,995.2393,0.1247
0.11982449889183,4.4471,8.1127,7.4255,995.2891,0.1474
0.352508395910263,8.8017,8.3,7.7042,997.0958,0.2766
0.450436472892761,10.2401,8.3014,7.8,997.0056,0.4037
0.385959386825562,9.3003,8.3071,7.8,997.0284,0.3564
0.466171413660049,10.4657,8.3099,7.8,997.0398,0.4281
0.420840919017792,9.8104,8.4,7.7986,997.4014,0.3258
0.369364380836487,9.053,8.4,7.7929,997.4071,0.3005
0.586540460586548,12.1444,8.4,7.7001,997.4999,0.4506
0.512062072753906,11.114,8.3901,7.7099,997.5395,0.3516
0.609848856925964,12.4627,8.2986,7.8,997.9084,0.4987
0.563190162181854,11.8268,8.2943,7.8,997.934,0.4385
0.61781769990921,12.5702,8.2915,7.8,997.9511,0.5245
0.701465010643005,13.6775,8.2886,7.8,997.9682,0.5529
0.528127193450928,11.3421,8.1972,7.7972,998.5085,0.5324
0.571855127811432,11.9468,8.1929,7.7929,998.5213,0.4868
0.562142610549927,11.8134,8.1901,7.7901,998.5298,0.5618
0.540387511253357,11.5127,8.1001,7.7001,998.7998,0.445
0.664482951164246,13.1933,8.1,7.6987,998.8081,0.4833
0.619575500488281,12.5947,8.1,7.6958,998.8251,0.5557
0.657781422138214,13.1037,8.1,7.5972,999.4113,0.5453
0.680571675300598,13.4042,8.1,7.5943,999.4227,0.5282
0.678162038326263,13.3706,8.0085,7.2915,1000.1338,0.5564
0.644770503044128,12.9288,8.0099,7.2901,1000.1395,0.5445
0.6274733543396,12.6976,8.0113,7.2887,1000.1452,0.4867
0.552917301654816,11.6826,8.0127,7.2873,1000.1509,0.5795
0.589529097080231,12.183,8.1,7.2,1000.4999,0.4927
0.543545067310333,11.5509,8.0986,7.1972,1000.5,0.4836
0.543129324913025,11.5451,8.0957,7.1915,1000.5,0.5289
0.426598161458969,9.8899,8.0886,7.1773,1000.5,0.4311
0.523817837238312,11.276,8.0872,7.1744,1000.5,0.3976
0.453726530075073,10.2811,8,7.0142,1000.4929,0.3193
0.535685062408447,11.4428,7.9987,7.1973,1000.3933,0.4905
0.543184220790863,11.5469,7.9901,7.1802,1000.3506,0.4193
0.606195688247681,12.4101,7.9873,7.1745,1000.3364,0.508
0.502352833747864,10.9745,7.9,6.9858,999.8787,0.3749
0.404979795217514,9.5742,7.9,6.983,999.8744,0.4538
0.567721426486969,11.8844,7.9,6.9773,999.8659,0.4744
0.569259941577911,11.9055,7.9,6.9744,999.8616,0.4576
0.476881504058838,10.6111,7.9,6.8,999.6,0.3752
0.451525956392288,10.2479,7.9,6.7986,999.6014,0.4105
0.421307384967804,9.8101,7.9,6.7872,999.6128,0.3719
0.629819333553314,12.7163,7.8028,5.7972,999.0198,0.4182
0.486743271350861,10.74,7.8085,5.7915,999.0596,0.4798
0.457430273294449,10.3183,7.9,5.683,999.7085,0.4293
0.424465656280518,9.8402,7.9,5.6318,999.7341,0.3293
0.373443245887756,9.0885,7.9,5.6233,999.7384,0.3879
0.434186309576035,9.9736,7.9,5.0408,999.907,0.3491
0.471466094255447,10.5037,7.9,4.4368,998.8915,0.4626
0.561389803886414,11.7832,7.8972,5.6915,998.5943,0.4777
0.51515531539917,11.1391,7.8872,5.6616,998.5744,0.5058
0.746035099029541,14.2364,7.7987,5.3973,998.3973,0.4913
0.697896838188171,13.6137,7.7972,5.3945,998.3945,0.5841
0.687433898448944,13.4767,7.7901,5.3802,998.3802,0.5272
0.670769333839417,13.2574,7.7887,5.3774,998.3774,0.5164
0.708059370517731,13.7444,7.7057,5.1092,998.1887,0.6397
0.704538881778717,13.6977,7.7114,5.0182,998.1773,0.5185
0.59868586063385,12.2885,7.7128,4.9954,998.1744,0.549
0.81109493970871,15.046,7.8,3.7023,997.9659,0.6904
0.731609046459198,14.0365,7.8,3.7279,997.9574,0.7284
0.74214369058609,14.1726,7.8,3.779,997.9403,0.4706
0.673044443130493,13.2866,7.793,5.2945,997.4,0.5019
0.689586102962494,13.4921,7.7,3.9002,997.4,0.6304
0.503978312015533,10.9616,7.7099,3.8404,997.3006,0.4766
1.20291066169739,19.6001,7.8099,3.3497,996.3801,0.8718
0.924607574939728,16.4257,7.9986,2.5986,995.9902,0.8382
0.879588901996613,15.8817,7.9972,2.5972,995.9802,0.6116
0.696542143821716,13.5686,7.9929,2.5929,995.9503,0.5835
0.682927966117859,13.3897,7.9872,2.5872,995.9105,0.5375
0.86434268951416,15.697,7.9,2.7276,994.5724,0.7007
1.16708755493164,19.206,7.9,2.7561,994.5439,1.0381
1.16940832138062,19.2316,7.9,2.7846,994.5154,0.99
0.708159565925598,13.7318,7.8787,3.734,993.5532,0.6026
0.838260471820831,15.3841,7.8503,3.7795,993.4907,0.6445
0.792504191398621,14.8219,7.3943,4.4545,992.4318,0.5974
0.673283696174622,13.2853,7.3915,4.4318,992.3977,0.5876
0.852776288986206,15.5713,7.3886,4.409,992.3636,0.6212
0.768189609050751,14.5088,7.3013,3.6879,991.2866,0.5924
0.719119191169739,13.8782,7.3085,3.6239,991.2154,0.6372
0.794178605079651,14.8366,7.3127,3.5855,991.1727,0.6097
1.25970530509949,20.2084,7.4,2.8001,990.3002,0.9783
1.00519073009491,17.3822,7.4043,2.8893,990.2277,0.8567
1.01051771640778,17.4499,7.4099,3.8199,986.8497,0.6137
0.857414722442627,15.6237,7.4114,3.8227,986.8568,0.7626
0.77214926481247,14.5683,7.4,4.8999,987.8999,0.582
0.731824457645416,14.0528,7.3958,4.8943,987.9424,0.5568
0.689013481140137,13.4964,7.3915,4.8887,987.985,0.6027
0.633066594600678,12.7542,7.2373,4.683,989.5272,0.5286
0.6282799243927,12.6897,7.0776,4.5,990.9954,0.4555
0.639570951461792,12.8412,7.0605,4.5,991.068,0.4869
0.591687440872192,12.1947,7.0548,4.5,991.0922,0.5665
0.618588447570801,12.5632,6.6901,4.5099,992.7392,0.4528
0.514400660991669,11.1287,6.6886,4.5114,992.7591,0.3999
0.559523701667786,11.7592,6.5858,4.5716,994.0994,0.4752
0.584960758686066,12.1085,6.5829,4.5659,994.1194,0.4975
0.67001336812973,13.2508,6.5801,4.5602,994.1392,0.5852
0.593675851821899,12.2273,6.5773,4.5545,994.1592,0.4612
0.609743297100067,12.4435,6.396,4.1973,995.4188,0.4435
0.492156893014908,10.8154,6.0957,4,996.8468,0.4964
0.51830530166626,11.1844,6.0943,4,996.8624,0.5243
0.523774325847626,11.2611,6.0929,4,996.878,0.4792
0.675452768802643,13.3218,6.0872,4,996.9406,0.3897
0.522734105587006,11.2476,6,4,997.9,0.4079
0.423511475324631,9.8296,6,4.0128,997.9767,0.3522
0.36294686794281,8.936,6,4.0256,998.0535,0.3379
0.46983277797699,10.499,6,4.0384,998.1302,0.4298
0.488763153553009,10.7721,6.0083,4.3055,999.7359,0.3567
0.519440114498138,11.2049,6.0211,4.3141,999.7914,0.4792
0.466692537069321,10.4573,6.0296,4.3198,999.8284,0.4214
0.471550911664963,10.5268,6.0339,4.3226,999.847,0.4195
0.648734092712402,12.9708,6.3,4.5028,1001.0339,0.5579
0.639570593833923,12.8486,6.3,4.5043,1001.051,0.4713
0.602963507175446,12.3568,6.3043,4.6,1002.2213,0.5488
0.448986768722534,10.2022,6.4,4.6337,1002.7337,0.3914
0.360193252563477,8.9069,6.4,5.1957,1003.3298,0.3695
0.436973810195923,10.0348,6.4,5.1,1004,0.4065
0.465607404708862,10.4469,6.4043,5.0829,1004.0213,0.3685
0.395643174648285,9.4307,6.4071,5.0716,1004.0355,0.4015
0.497844040393829,10.8998,6.4987,4.7,1004.4987,0.3763
0.498622715473175,10.9109,6.4915,4.7,1004.4915,0.3623
0.351633787155151,8.7709,6.4057,4.6943,1004.3263,0.3381
0.383174955844879,9.2409,6.4114,4.6886,1004.2523,0.2993
0.311142534017563,8.1547,6.5,4.6,1003.1,0.2769
0.392088145017624,9.3696,6.5128,4.5787,1003.1171,0.3189
0.363772332668304,8.949,6.517,4.5716,1003.1227,0.3145
0.365163624286652,8.9696,6.5213,4.5645,1003.1284,0.2752
0.410912722349167,9.6458,6.5298,4.5503,1003.1398,0.2913
0.273315876722336,7.5562,6.8028,4.0917,1003.5111,0.2107
0.31542232632637,8.2063,6.807,4.0789,1003.5281,0.2657
0.175775825977325,5.9545,6.7659,3.7744,1003.2318,0.1767
0.173082053661346,5.9072,6.7488,3.7616,1003.1977,0.1412
0.101556524634361,3.7932,6.3323,3.4831,1002.4323,0.1374
0.108247540891171,4.0365,5.6001,3.3,1001.7001,0.0904
0.101048544049263,3.7748,5.6028,3.2943,1001.6746,0.12
0.105164222419262,3.925,5.7,3.0901,1000.6906,0.1189
0.105783976614475,3.9475,5.7,3.0872,1000.6593,0.1044
0.100508294999599,3.7553,5.7,3.0001,999.7009,0.0909
0.126320227980614,4.6795,5.8014,3.093,999.3845,0.1698
0.106208026409149,3.9629,5.8071,3.0645,999.322,0.1241
0.124654620885849,4.6215,5.8972,2.5858,998.2631,0.117
0.185748174786568,6.1132,5.8067,2.1013,996.9718,0.1893
0.543617010116577,11.5128,6.4,2.1128,988.0702,0.3952
0.58658766746521,12.1094,6.4,2.3998,987.4006,0.4418
0.563177943229675,11.7876,6.3944,2.4056,987.3607,0.4117
0.554792582988739,11.6716,6.3915,2.4085,987.3408,0.5243
0.57203608751297,11.9099,6.3887,2.4113,987.3209,0.3674
0.588271975517273,12.1351,6.2915,2.5426,986.6574,0.5094
0.602461218833923,12.3345,6.1943,3.017,986.1886,0.4954
0.656262636184692,13.0575,6.1929,3.0213,986.1858,0.4266
0.627177894115448,12.6687,6.1915,3.0256,986.1829,0.4725
0.61993020772934,12.5712,6.1886,3.0341,986.1773,0.5166
0.552206218242645,11.649,6.1001,3.2998,986.0002,0.5195
0.526064276695252,11.2848,6.1,3.3013,985.9973,0.5081
0.579278707504273,12.0222,6.1,3.3056,985.9888,0.5452
0.587951481342316,12.1409,6.1,3.3085,985.9831,0.5587
0.583276510238648,12.077,6.1,3.3099,985.9802,0.5012
0.611562311649323,12.4619,6.1,3.3127,985.9745,0.4771
0.507460355758667,11.0246,6.1,3.4142,985.8177,0.4989
0.544934868812561,11.5515,6.1,3.5999,986.0499,0.4366
0.472959667444229,10.5368,6.1,3.6027,986.0534,0.4349
0.536494791507721,11.4342,6.1,3.6141,986.0676,0.4615
0.478223770856857,10.6122,6.1,3.617,986.0712,0.5017
0.564610481262207,11.826,6.1,3.7998,986.2998,0.461
0.476652175188065,10.5923,6.0944,3.8112,986.3112,0.4023
0.582319915294647,12.0725,5.9915,4.0043,986.5213,0.5615
0.660713315010071,13.1306,5.8,4.1,987,0.4768
0.654238522052765,13.0449,5.7801,4.1,987.0497,0.5764
0.607971966266632,12.4247,5.7744,4.1,987.0639,0.5173
0.678070783615112,13.3616,5.5987,4.1027,987.5174,0.5887
0.657452344894409,13.0894,5.5944,4.1112,987.5729,0.549
0.63213723897934,12.752,5.593,4.1141,987.5914,0.5501
0.62166702747345,12.6116,5.5873,4.1255,987.6655,0.5017
0.638903796672821,12.8452,5.4972,4.2915,988.8311,0.495
0.614588975906372,12.5188,5.4957,4.2872,988.8468,0.4701
0.744694411754608,14.2288,5.4943,4.283,988.8624,0.596
0.622883021831513,12.6304,5.4915,4.2744,988.8937,0.5646
0.647483468055725,12.9577,5.4,4,990.0137,0.5455
0.640170514583588,12.8602,5.4085,4.0085,991.0269,0.5604
0.608833253383637,12.4391,5.4127,4.0127,991.0909,0.5326
0.681753635406494,13.4109,5.5,4.1,992.3998,0.4597
0.633698582649231,12.7737,5.5,4.1,992.4454,0.466
0.641224145889282,12.8743,5.5,4.1,992.4681,0.5124
0.545456945896149,11.5711,5.5,4.1,992.5023,0.5178
0.619053304195404,12.5768,5.5085,4.0829,993.3364,0.5114
0.614562213420868,12.5135,5.6,3.9,994.8134,0.594
0.531469285488129,11.3731,5.6,3.9,994.8846,0.4745
0.557192504405975,11.7302,5.6,3.8972,995.8311,0.414
0.511304795742035,11.0905,5.6,3.8957,995.8468,0.5255
0.512410283088684,11.106,5.6,3.8915,995.8937,0.3763
0.460084646940231,10.3611,5.6014,3.7943,996.917,0.4403
0.489829242229462,10.7857,5.6028,3.7886,996.9341,0.4059
0.581139862537384,12.0581,5.6043,3.7829,996.9512,0.3775
0.413234740495682,9.6741,5.6802,3.321,998.1889,0.3633
0.450737714767456,10.2192,5.6774,3.3096,998.2017,0.3591
0.370136231184006,9.0291,5.5028,2.6141,999.0113,0.3322
0.406655728816986,9.5701,5.5057,2.6284,999.0227,0.3225
0.467374444007874,10.4521,5.5114,2.6568,999.0455,0.3949
0.419606983661652,9.7655,5.5872,3.1,999.4341,0.3362
0.474257975816727,10.5557,5.5659,3.1,999.4909,0.4197
0.486483693122864,10.7301,5.5616,3.1,999.5023,0.4104
0.489620268344879,10.7776,5.3,3.0789,1000.2492,0.4681
0.598332107067108,12.2881,5.3,3.0661,1000.2791,0.5255
0.489252209663391,10.7689,5.3,2.8,1000.8999,0.5168
0.47425365447998,10.5549,5.3,2.783,1000.9511,0.408
0.439961671829224,10.0574,5.3,2.5,1001.8,0.3868
0.514924943447113,11.128,5.3,2.4787,1001.871,0.3888
0.415643870830536,9.7026,5.3,2.4702,1001.8995,0.3909
0.242982178926468,7.0751,5.3,2.5057,1003.4511,0.1746
0.365567564964294,8.9624,5.3,2.5128,1003.5151,0.331
0.262780219316483,7.3908,5.3,2.6057,1004.2929,0.2669
0.205746933817863,6.4714,5.3,2.6227,1004.2716,0.2203
0.241553515195847,7.0548,5.3,2.6398,1004.2503,0.1859
0.149731457233429,5.4842,5.3,2.9997,1003.8004,0.2956
0.375968635082245,9.125,5.3,3.0056,1003.7776,0.3182
0.266379594802856,7.4563,5.3028,3.1,1003.4113,0.2349
0.247486904263496,7.1579,5.3071,3.1,1003.4284,0.2278
0.167946010828018,5.8313,5.3114,3.1,1003.4455,0.2034
0.169029772281647,5.8506,5.3128,3.1,1003.4511,0.1942
0.14631150662899,5.3684,5.417,3.1114,1003.8,0.1542
0.162465021014214,5.7308,5.4298,3.1199,1003.8,0.1816
0.113163240253925,4.2135,6.1014,3.1112,1002.9958,0.1533
0.266681969165802,7.4592,6.2057,3.8858,1002.6716,0.2364
0.407070159912109,9.5748,6.3998,3.4004,1001.7008,0.3664
0.409029185771942,9.6035,6.4027,3.3973,1001.6826,0.4027
0.412890911102295,9.6601,6.4055,3.3945,1001.6641,0.3273
0.390988886356354,9.3373,6.4112,3.3888,1001.6271,0.2488
0.241280451416969,7.0368,6.6,3.2,1000.4002,0.2144
0.26901313662529,7.4763,6.6057,3.2085,1000.3406,0.16
0.177428111433983,5.9755,6.6227,3.2341,1000.1614,0.2091
0.147547036409378,5.41,6.8,3.5071,998.2801,0.1949
0.437277942895889,10.0203,6.8,4.1,995.1003,0.2474
0.505565404891968,10.9845,6.8986,3.0901,992.3659,0.3741
0.382674396038055,9.2018,6.8929,3.0503,992.2295,0.3117
0.395938128232956,9.3981,6.8886,3.0204,992.1271,0.3504
0.573922634124756,11.9313,6.8,2.3933,989.9664,0.4027
0.538480401039124,11.4395,6.8,2.3577,989.7885,0.4966
0.9801145195961,17.0885,6.7436,2.1074,980.0363,0.9349
0.988266408443451,17.1868,6.7,2.5,979.6349,0.76
0.987152695655823,17.1739,6.6972,2.5141,982.3018,0.9348
0.891668140888214,16.0371,6.6957,2.5213,982.353,0.9598
0.865446984767914,15.7177,6.6943,2.5284,982.4042,0.7883
0.711589455604553,13.7809,6.6,2.9915,985.9876,0.7038
0.895047068595886,16.082,6.6,2.9773,986.3002,0.6671
0.908187687397003,16.2394,6.6028,2.8028,990.2885,0.7327
0.860750317573547,15.6629,6.6113,2.8113,990.5618,0.5862
0.783858180046082,14.7061,6.6943,2.9397,993.5418,0.5589
0.686582088470459,13.4529,6.6929,2.9497,993.5774,0.6409
0.592019975185394,12.1943,6.6,3.5872,996.143,0.498
0.587567925453186,12.1326,6.5901,3.4901,997.9482,0.4228
0.572081565856934,11.9203,6.5887,3.4887,997.9696,0.5351
0.502797663211823,10.9539,6.5007,3.3979,999.3126,0.482
0.604945063591003,12.3691,6.5028,3.3915,999.351,0.5642
0.518385767936707,11.1735,6.505,3.3851,999.3894,0.5221
0.419051259756088,9.7463,6.55,3.2501,1000.1996,0.4408
0.422828406095505,9.8015,6.5507,3.2479,1000.2124,0.3814
0.594685792922974,12.2275,6.5528,3.2415,1000.2507,0.5795
0.538890659809113,11.4582,6.5557,3.233,1000.3019,0.5244
0.512456178665161,11.0876,6.5564,3.2309,1000.3147,0.4085
0.445134699344635,10.1234,6.6,3.1013,1001.104,0.373
0.314554512500763,8.1816,6.6,3.2,1001.4,0.3368
0.370138257741928,9.0205,6.5943,3.1149,1001.4284,0.3577
0.512654423713684,11.0876,6.5886,3.0295,1001.4568,0.348
0.440825492143631,10.0431,6.5,1.7,1001.9,0.3808
0.438152223825455,10.0052,6.5,1.7725,1001.8872,0.3139
0.427497744560242,9.8501,6.5,1.7966,1001.8829,0.3423
0.416085779666901,9.6839,6.5,1.8691,1001.8702,0.2926
0.380722284317017,9.1611,6.5,1.8933,1001.8659,0.3689
0.410441130399704,9.6016,6.5,1.9174,1001.8616,0.3481
0.384706944227219,9.2431,6.5,3.4,1001.608,0.3822
0.4084452688694,9.5936,6.5,3.4,1001.6166,0.3276
0.414025157690048,9.6755,6.5,3.4,1001.6593,0.3085
0.371585935354233,9.0479,6.5,3.4,1001.6678,0.2652
0.364877879619598,8.9477,6.5,3.4,1002.1999,0.4367
0.419473767280579,9.7553,6.5,3.4,1002.1972,0.3616
0.388369113206863,9.2974,6.5,3.4,1002.1915,0.3835
0.408369988203049,9.5925,6.5,3.4,1002.1901,0.3082
0.38990181684494,9.3201,6.5,3.4,1002.1886,0.2939
0.350946605205536,8.7395,6.5,3.4512,1002.0105,0.3075
0.222202286124229,6.742,6.5,3.7997,1001.4006,0.2678
0.3178531229496,8.2433,6.5028,3.7751,1001.3889,0.2844
0.364622980356216,8.9492,6.5056,3.7495,1001.3776,0.2388
0.329561173915863,8.4208,6.507,3.7367,1001.3719,0.2937
0.295804500579834,7.9035,6.5113,3.6983,1001.3548,0.3042
0.259053945541382,7.33,6.5127,3.6855,1001.3491,0.235
0.460287183523178,10.3396,6.6,2.9001,1001.0001,0.425
0.447334766387939,10.1527,6.5943,2.9057,1000.9773,0.2999
0.300268143415451,7.9604,6.5,3,1000.6,0.3412
0.39190274477005,9.3434,6.5,2.9744,1000.6171,0.3109
0.360859215259552,8.8808,6.5,2.9702,1000.6199,0.3635
0.55479097366333,11.674,6.5,2.7188,1000.804,0.434
0.579146146774292,12.011,6.5,2.8184,1000.8254,0.614
0.762430310249329,14.445,6.5,4.0362,1001.1709,0.4503
0.777965545654297,14.6353,6.5,3.2,1002.1,0.7989
0.821737945079804,15.1846,6.5,3.1773,1002.2023,0.6395
0.822661221027374,15.196,6.5,3.1659,1002.2535,0.5907
0.836753070354462,15.3688,6.4,2.8,1005.2998,0.8009
0.945774435997009,16.6902,6.4,2.7915,1005.4022,0.8339
0.741526246070862,14.1679,6.4,2.7886,1005.4364,0.8345
0.939573526382446,16.6157,6.4,2.6744,1006.6279,0.7049
0.90759539604187,16.2328,6.4,2.6702,1006.6492,0.7018
0.711770474910736,13.7822,6.4,2.6659,1006.6705,0.5468
0.737953364849091,14.1186,6.4,2.4002,1007.9988,0.6408
0.718456387519836,13.8667,6.3958,2.4,1008.0461,0.5981
0.802293598651886,14.9363,6.3944,2.4,1008.0617,0.6719
0.654741764068604,13.0295,6.393,2.4,1008.0774,0.6206
0.780901849269867,14.6668,6.3887,2.4,1008.1244,0.5738
0.788374543190002,14.7619,6.3,2.3972,1009.1183,0.5892
0.656109511852264,13.0485,6.3,2.3915,1009.1553,0.6282
0.752366840839386,14.3043,6.3,2.3858,1009.1922,0.6685
0.821168124675751,15.1728,6.3,2.3773,1009.2477,0.7307
0.771534740924835,14.5469,6.2986,2.173,1010.4241,0.6843
0.827178835868835,15.2456,6.2957,2.119,1010.4725,0.6369
0.677731156349182,13.3316,6.2915,2.038,1010.5449,0.6318
0.716441631317139,13.838,6.2901,2.011,1010.5691,0.6171
0.593135297298431,12.1955,6.2872,1.957,1010.6174,0.6158
0.606437206268311,12.3608,6.1944,0.3617,1012.1449,0.5984
0.677261233329773,13.3107,6.1915,0.393,1012.1677,0.5887
0.830283224582672,15.2801,6.0972,1.4042,1012.9197,0.7022
0.864942312240601,15.7077,6.0915,1.4128,1012.9595,0.7395
0.923067986965179,16.412,6.0887,1.417,1012.9794,0.6982
0.873289108276367,15.8099,6.0858,1.4213,1012.9993,0.6247
0.768066108226776,14.4983,6.083,1.4256,1013.0193,0.7303
0.608522117137909,12.4061,5.8943,1.6858,1014.3369,0.5474
0.797317504882813,14.8719,5.8886,1.6716,1014.3739,0.6366
0.784519910812378,14.7105,5.8829,1.6574,1014.4108,0.5902
0.584258139133453,12.072,5.6958,1.1916,1015.6503,0.4866
0.525820195674896,11.2612,5.6887,1.1774,1015.7357,0.4095
0.522490561008453,11.2144,5.6873,1.1745,1015.7527,0.611
0.599196970462799,12.2751,5.6,1,1016.7998,0.603
0.689434051513672,13.4824,5.6,1.0227,1016.8397,0.4623
0.617840051651001,12.5285,5.6,1.0341,1016.8596,0.5464
0.558806657791138,11.7207,5.6,1.0455,1016.8795,0.6228
0.616332590579987,12.5119,5.6,1.4,1017.5,0.5496
0.691589117050171,13.5142,5.6,1.4,1017.6023,0.5508
0.505629897117615,10.9803,5.5958,1.3916,1018.7335,0.4907
0.611114144325256,12.4412,5.5944,1.3888,1018.7449,0.4498
0.5703364610672,11.8839,5.593,1.3859,1018.7563,0.59
0.571424007415772,11.8977,5.5,1.1886,1019.6023,0.4651
0.377392947673798,9.1141,5.5128,1.0957,1020.4213,0.4242
0.483417689800262,10.6616,5.5256,1.0915,1020.4426,0.4275
0.553546726703644,11.6451,5.8013,1.004,1020.9081,0.3195
0.351197212934494,8.7153,5.8042,1.0126,1020.9251,0.3561
0.321916818618774,8.2706,5.807,1.0211,1020.9422,0.254
0.348969519138336,8.6818,5.8085,1.0254,1020.9507,0.2971
0.405296504497528,9.5254,5.9,1.2957,1021.5383,0.2496
0.367004364728928,8.956,5.9,1.2915,1021.5767,0.3589
0.394823789596558,9.3705,5.9,1.2901,1021.5895,0.287
0.365513205528259,8.9336,5.9,1.2886,1021.6023,0.3016
0.359919965267181,8.8482,5.8972,1.1957,1022.4028,0.2932
0.337644845247269,8.5116,5.8858,1.1787,1022.4142,0.309
0.228844001889229,6.8093,5.7,0.9,1022.6166,0.2231
0.214351445436478,6.5723,5.7,0.9,1022.6337,0.2087
0.216088116168976,6.6009,5.7,0.9,1022.6507,0.191
0.297445118427277,7.8939,5.7,0.9,1022.6678,0.3664
0.26442214846611,7.3781,5.6915,0.8915,1023.2256,0.2175
0.389527350664139,9.289,5.6872,0.8872,1023.2384,0.3345
0.19889822602272,6.3151,5.5986,0.8028,1023.5099,0.2188
0.28745037317276,7.739,5.5957,0.8085,1023.5298,0.2208
0.171578675508499,5.8451,5.5886,0.8227,1023.5796,0.1686
0.267185747623444,7.4272,5.4987,1.0013,1024.2054,0.2523
0.329200178384781,8.3866,5.4958,1.0042,1024.2168,0.296
0.293336033821106,7.8357,5.4944,1.0056,1024.2224,0.2646
0.265708088874817,7.4043,5.4887,1.0113,1024.2452,0.2598
0.204379841685295,6.4174,5.3773,1.1057,1024.617,0.2193
0.229309096932411,6.8272,5.3716,1.1071,1024.6213,0.3219
0.292758107185364,7.8308,5.3659,1.1085,1024.6255,0.2429
0.266286551952362,7.4177,5.3545,1.1114,1024.6341,0.1776
0.23168957233429,6.8746,5,1.2,1024.9,0.2984
0.269485473632813,7.4761,5,1.2057,1024.9,0.2456
0.182331010699272,6.0562,5.0099,1.3901,1024.9,0.2175
0.216118156909943,6.6213,5.0943,1.3113,1024.8773,0.213
0.170134782791138,5.8394,5.0929,1.3142,1024.8716,0.1585
0.226239010691643,6.7921,5,1.5,1024.5,0.2396
0.248877242207527,7.1564,4.9744,1.5,1024.4872,0.209
0.356981366872788,8.8256,5.0943,1.7773,1024.0057,0.3078
0.457745850086212,10.3038,5.0042,1.4,1024.1209,0.2942
0.457636147737503,10.3022,5.0056,1.4,1024.1281,0.2907
0.433832108974457,9.9573,5.0099,1.4,1024.1494,0.3586
0.323607206344605,8.3144,5.1014,1.3986,1024.607,0.3212
0.328942030668259,8.3956,5.1028,1.3972,1024.6141,0.3169
0.346374094486237,8.6595,5.1099,1.3901,1024.6497,0.2777
0.319337636232376,8.2489,5.1114,1.3886,1024.6568,0.3416
0.31603142619133,8.1954,5.2,1.3014,1025.1014,0.3154
0.381524085998535,9.1835,5.2,1.3043,1025.1043,0.2391
0.363401412963867,8.913,5.2,1.3128,1025.1128,0.2405
0.218327924609184,6.6576,5.2056,1.4224,1025.2056,0.2202
0.172179684042931,5.8817,5.2943,1.817,1025.3113,0.1891
0.143921732902527,5.2881,5.2901,1.8298,1025.3199,0.1403
0.128395527601242,4.7528,5.1744,2.1639,1025.4616,0.1519
0.188471540808678,6.1862,5.0113,2.6226,1025.1548,0.1394
0.105459935963154,3.936,5.1,2.8,1024.8001,0.1468
0.10530074685812,3.9302,5.0886,2.8227,1024.8341,0.1426
0.141589060425758,5.2077,5,3,1025.1,0.1309
0.12030702829361,4.4679,5.0298,3.0099,1025.1099,0.1539
0.12992887198925,4.8055,5.2998,3.0999,1025.1999,0.0948
0.192702889442444,6.27,5.4,3.6099,1024.9503,0.1242
0.168312177062035,5.8464,5.4,3.6128,1024.9361,0.1539
0.225418478250504,6.813,5.4,3.6773,1024.5014,0.1843
0.164655148983002,5.7812,5.4,3.6318,1024.5043,0.1474
0.187397688627243,6.1787,5.4,3.5636,1024.5085,0.1475
0.188293859362602,6.1927,5.4,3.4954,1024.5128,0.2336
0.120964050292969,4.4903,5.7013,4.004,1023.8933,0.1169
0.120195113122463,4.4631,5.7028,4.0083,1023.8862,0.1269
0.125010088086128,4.6328,5.7099,4.0296,1023.8506,0.1479
0.195558831095696,6.324,5.8,4.3014,1023.4056,0.1807
0.199225038290024,6.3858,5.8,4.3071,1023.4284,0.241
0.216051235795021,6.6648,5.8,4.3114,1023.4455,0.2471
0.228083521127701,6.8607,5.8,4.3128,1023.4511,0.2122
0.254953771829605,7.2913,5.8099,4.4,1023.7105,0.2548
0.275698035955429,7.6165,5.8114,4.4,1023.6977,0.2594
0.275063335895538,7.6086,5.9043,4.6043,1022.3575,0.2455
0.359330654144287,8.8926,6,4.7,1021.2792,0.2884
0.348861992359161,8.7358,6,4.7,1021.2551,0.2914
0.390192151069641,9.3509,6,4.7,1021.1826,0.268
0.466020286083221,10.4531,6,4.7,1019.7014,0.3961
0.436075985431671,10.0217,6.0042,4.6958,1019.6623,0.3894
0.446049094200134,10.1658,6.0085,4.6915,1019.6239,0.4171
0.474857717752457,10.5769,6.1,4.6,1018.8001,0.4078
0.510753154754639,11.0855,6.1014,4.6,1018.7775,0.3833
0.441076546907425,10.0915,6.1028,4.6,1018.7548,0.4381
0.523005843162537,11.2574,6.1057,4.6,1018.7092,0.3736
0.506730616092682,11.0288,6.1071,4.6,1018.6865,0.402
0.510605156421661,11.0833,6.1114,4.6,1018.6182,0.4691
0.541048645973206,11.508,6.2014,4.6,1017.1531,0.4016
0.568401873111725,11.8861,6.2021,4.6,1017.1296,0.3676
0.577578723430634,12.012,6.2043,4.6,1017.0592,0.3865
0.509042143821716,11.0602,6.205,4.6,1017.0358,0.4278
0.459979087114334,10.362,6.25,4.6,1015.5501,0.4554
0.575448155403137,11.9823,6.2514,4.6,1015.5032,0.458
0.626351475715637,12.673,6.2543,4.6,1015.4094,0.4763
0.543410539627075,11.5402,6.2557,4.6,1015.3624,0.4658
0.577916085720062,12.0157,6.3,4.6099,1013.6714,0.4783
0.674110889434815,13.3088,6.3,4.6972,1011.5091,0.5503
0.646314144134522,12.9405,6.3,4.6943,1011.4181,0.6076
0.642977297306061,12.896,6.3,4.6929,1011.3727,0.6702
0.724407255649567,13.9648,6.3,4.6915,1011.3272,0.667
0.590549349784851,12.1891,6.3,4.6886,1011.2362,0.5203
0.695277988910675,13.5856,6.3,4.6001,1008.4026,0.685
0.66854339838028,13.2343,6.3,4.5862,1008.3143,0.6113
0.669366478919983,13.2451,6.3,4.5791,1008.2701,0.704
0.728746056556702,14.0196,6.3,4.5577,1008.1378,0.6462
0.821109235286713,15.189,6.3,4.5506,1008.0937,0.6337
0.905956864356995,16.2239,6.3,4.1071,1004.8602,0.7304
1.0702211856842,18.1427,6.3,4.1128,1004.5073,0.8563
1.24995756149292,20.1176,6.2901,4.2497,998.6425,1.0732
1.05714106559753,17.9983,6.2,4.7211,994.2538,1.0458
0.530085861682892,11.3903,5.7042,7.1874,985.5869,0.4342
0.535431981086731,11.4645,5.7056,7.1832,985.5485,0.4418
0.601207315921783,12.3653,5.7099,7.1704,985.4332,0.4815
0.533085346221924,11.4316,5.7127,7.1618,985.3564,0.4822
0.743483364582062,14.2327,5.8028,6.8817,982.955,0.6517
0.940174520015717,16.6547,5.8113,6.8263,982.8185,0.7412
0.893388271331787,16.0946,5.8142,6.8078,982.773,0.6206
0.74439013004303,14.2434,5.817,6.7893,982.7274,0.6089
0.986974835395813,17.2045,5.8256,6.7338,982.5909,0.8136
0.860260426998138,15.6818,6.0085,5.5915,979.6722,0.7909
0.77682900428772,14.6493,6.4,6.6,973.3,0.7339
0.843447923660278,15.48,6.3943,6.5886,973.3796,0.6099
0.840244054794312,15.4405,6.3901,6.5801,973.4392,0.7347
0.779830574989319,14.6871,6.3886,6.5773,973.4592,0.7185
0.716127693653107,13.8724,6.3,6.3888,974.8403,0.6353
0.811795115470886,15.0871,6.3,6.3859,974.8758,0.7274
0.788973271846771,14.8014,6.3,6.3831,974.9114,0.5896
0.771570265293121,14.5818,6.3,6.3774,974.9826,0.6892
0.683691799640656,13.4484,6.3,6.2028,977.2594,0.5442
0.72925192117691,14.0402,6.3,6.2071,977.349,0.6584
0.691175401210785,13.5464,6.3,6.2099,977.4087,0.5837
0.699521601200104,13.6561,6.3,6.3,979.3,0.7028
0.650565564632416,13.0121,6.2986,6.2758,979.3625,0.5697
0.814812183380127,15.1236,6.2964,6.2396,979.4564,0.6415
0.730306327342987,14.0537,6.2936,6.1912,979.5816,0.5171
0.926108956336975,16.475,6.2493,5.438,981.5311,0.7589
0.75628650188446,14.38,6.2465,5.3897,981.6562,0.6631
1.11697030067444,18.6714,6.1986,4.5944,983.7337,0.9902
1.47247433662415,22.4032,6.1943,4.5773,983.8361,1.1021
1.43371760845184,22.016,6.0915,4.1915,986.3131,1.1231
1.16900193691254,19.2444,6.0901,4.1901,986.3487,1.0649
1.33760213851929,21.0377,5.9972,4.0972,988.6719,1.3003
1.42103052139282,21.8886,5.9901,4.0901,988.8569,1.2164
1.45022737979889,22.181,5.9,4,991.1996,1.1712
1.52099859714508,22.8786,5.8986,3.9958,991.2337,1.2811
1.30559802055359,20.705,5.8943,3.983,991.3361,1.2114
1.50682687759399,22.7401,5.8929,3.9787,991.3703,0.9725
1.48195445537567,22.4956,5.8915,3.9744,991.4044,1.2237
1.42311811447144,21.9087,5.7986,3.6986,993.6398,1.2996
1.36191248893738,21.2871,5.7929,3.6929,993.7989,1.1231
1.40601098537445,21.7362,5.7901,3.6901,993.8785,1.1505
1.50168228149414,22.6889,5.7001,3.6001,996.3978,1.1393
1.3150269985199,20.8024,5.6901,3.5802,996.6371,1.1364
1.36564457416534,21.3253,5.6887,3.5774,996.6713,1.1468
1.24433076381683,20.0567,5.6,3.3957,998.9105,1.109
1.56609749794006,23.3139,5.6,3.3915,999.0215,1.1641
1.53673017024994,23.0303,5.6,3.3901,999.0584,1.4385
1.54087781906128,23.0705,5.6,3.3872,999.1324,1.0912
1.20068120956421,19.5871,5.5943,3.2943,1001.4511,0.9596
1.32223618030548,20.8765,5.5915,3.2915,1001.4767,0.9129
1.30791544914246,20.7273,5.3972,3.1,1003.2663,1.001
1.25155019760132,20.1336,5.3,3.0972,1005.6509,0.9406
1.36851167678833,21.3542,5.3,3.0957,1005.6765,1.0543
1.43422567844391,22.0197,5.3,3.0943,1005.7021,1.1504
1.58391571044922,23.4847,5.3,3.0929,1005.7277,1.1559
1.43648314476013,22.0423,5.3,3.0915,1005.7533,1.2173
1.25744211673737,20.1962,5.3,3.0901,1005.7789,1.0249
1.29024040699005,20.5426,5.3,3.0886,1005.8045,1.1396
1.18032610416412,19.3659,5.3,3.0014,1007.427,0.9604
1.37129950523376,21.3823,5.3,3.0028,1007.454,1.053
1.28105843067169,20.4461,5.2987,3.104,1009.3215,1.0054
1.32774066925049,20.9343,5.2901,3.1296,1009.4581,1.0021
1.15031623840332,19.0397,5.1972,3.3943,1010.9368,0.8793
1.05358862876892,17.9552,5.0972,3.2028,1012.2341,0.8198
1.00043725967407,17.3434,5.0943,3.2057,1012.2682,0.9214
1.0364875793457,17.7597,5.0915,3.2085,1012.3023,0.8417
0.848068654537201,15.5226,5,3.3,1013.4188,0.7123
0.869725406169891,15.788,5,3.3,1013.4786,0.7705
0.963925838470459,16.9174,5,3.3,1013.5383,0.7885
1.0096173286438,17.4511,5,3.3,1013.5583,0.8513
0.801199734210968,14.9406,5,3.3,1014.7998,0.7634
0.791217029094696,14.8154,4.9915,3.3085,1014.8852,0.7439
0.741702377796173,14.188,4.8986,3.4,1015.8128,0.7132
0.588045358657837,12.1568,4.8,3.4,1016.7335,0.5812
0.681343019008637,13.4054,4.8071,3.4,1017.5497,0.5819
0.781293988227844,14.6925,4.8128,3.4,1017.5895,0.6181
0.778490781784058,14.6564,4.8986,3.3986,1018.2085,0.5075
0.728225409984589,14.0147,4.8972,3.3972,1018.217,0.5299
0.735837817192078,14.1127,4.8943,3.3943,1018.2341,0.5891
0.630146324634552,12.7251,4.8929,3.3929,1018.2426,0.5305
0.531428992748261,11.3748,4.8007,3.3034,1018.808,0.4544
0.340883672237396,8.6154,4.85,3.5499,1019.3998,0.3349
0.407876580953598,9.6106,4.8514,3.557,1019.4168,0.3461
0.441414773464203,10.0988,4.8521,3.5606,1019.4254,0.4283
0.390711218118668,9.3583,4.8528,3.5641,1019.4339,0.3989
0.4490587413311,10.2093,4.855,3.5748,1019.4595,0.3116
0.333889067173004,8.5132,4.9,3.8043,1020.0043,0.3485
0.371215790510178,9.0726,4.9,3.8128,1020.0128,0.2642
0.364198863506317,8.9682,4.9,3.817,1020.017,0.3544
0.371974050998688,9.084,4.9,3.8213,1020.0213,0.296
0.358049333095551,8.8766,4.9,3.8298,1020.0298,0.2965
0.217000707983971,6.6933,4.8987,4.1027,1020.2933,0.2951
0.277793169021606,7.6597,4.8972,4.1055,1020.2862,0.2999
0.191778153181076,6.2786,4.8128,4.2872,1019.7489,0.1927
0.152311369776726,5.5703,4.8943,4.2057,1019.3829,0.1412
0.141170188784599,5.1925,4.8929,4.2071,1019.3787,0.1569
0.331283152103424,8.5011,4.8986,5.5014,1018.6028,0.3085
0.329739421606064,8.478,4.8929,5.5071,1018.6142,0.255
0.247715905308723,7.2134,4.8901,5.5099,1018.6199,0.2891
0.260909616947174,7.4244,4.8001,5.5999,1018.7998,0.2247
0.239763617515564,7.0898,4.8,5.5719,1018.8352,0.2346
0.163690209388733,5.8053,4.8,5.2001,1019.2999,0.1808
0.169082328677177,5.902,4.8043,5.2,1019.3042,0.1965
0.19174613058567,6.2955,4.8099,5.2,1019.3099,0.1915
0.118742100894451,4.4106,4.8986,5.2,1019.4,0.1258
0.100492499768734,3.7527,4.8957,5.2,1019.4,0.115
0.100257694721222,3.7441,4.8929,5.2,1019.4,0.1247
0.126385256648064,4.6808,4.5,4.3,1014.4,0.4607
0.805940628051758,15.0004,4,2.4002,995.2,0.8159
0.736036479473114,14.114,4.0014,2.3986,995.2155,0.6258
1.00360882282257,17.3806,4.0986,2.3085,996.3312,0.9957
1.17412662506104,19.3009,4.0943,2.3341,996.425,1.0154
1.10112273693085,18.4933,4.0886,2.3682,996.5501,0.876
1.03391289710999,17.7347,3.9917,2.8889,998.5774,0.8012
1.10127913951874,18.4986,3.9832,2.8776,998.6571,0.7748
1.060546875,18.0389,3.9789,2.8719,998.6969,0.7715
0.947812080383301,16.7303,3.7,2.5355,1001.4419,0.7459
1.04479742050171,17.859,3.7,2.5426,1001.4704,0.8117
0.758397996425629,14.4078,3.7,3.0085,1003.3895,0.5561
0.674104154109955,13.3183,3.7013,3.2027,1005.4282,0.496
0.644785821437836,12.9302,3.7056,3.2112,1005.5178,0.5438
0.632210850715637,12.7633,3.8,3.4,1007.4997,0.4743
0.662627637386322,13.1678,3.8,3.3915,1007.5763,0.5775
0.581621527671814,12.079,3.8,3.3616,1007.8452,0.4705
0.563059747219086,11.8218,3.7915,3.1,1010.3279,0.4805
0.617667436599731,12.5652,3.7886,3.1,1010.3705,0.4795
0.633331120014191,12.7763,3.6987,3.0987,1011.7268,0.5393
0.593843936920166,12.2438,3.6915,3.0915,1011.8692,0.5231
0.497706979513168,10.9116,3.6,3,1013.6997,0.4686
0.626923561096191,12.6904,3.5957,2.9915,1013.7553,0.5255
0.559617698192596,11.7753,3.5943,2.9887,1013.7737,0.4867
0.624373197555542,12.6561,3.5886,2.9773,1013.8477,0.5279
0.563483417034149,11.8263,3.2915,2.4915,1016.6522,0.5042
0.472872138023376,10.5563,3.1915,2.383,1018.3937,0.431
0.55819696187973,11.7533,3.1872,2.3744,1018.4406,0.4401
0.370264649391174,9.0603,3.0915,2.1746,1020.2085,0.335
0.441523998975754,10.1046,3.0873,2.1618,1020.2127,0.3688
0.396305710077286,9.4426,3,1.8915,1020.3042,0.408
0.405471503734589,9.5772,3,1.8887,1020.3057,0.3298
0.443798124790192,10.1348,3,1.8801,1020.3099,0.2996
0.386033177375793,9.2909,3,1.8773,1020.3114,0.3885
0.346204191446304,8.6946,2.9957,1.6915,1020.4128,0.3827
0.382169306278229,9.231,2.9929,1.6858,1020.4213,0.3641
0.396452367305756,9.4418,2.9886,1.6773,1020.4341,0.3879
0.315403789281845,8.2271,2.9113,1.5226,1020.8357,0.2617
0.213964179158211,6.6334,3,1.6986,1021.9,0.2944
0.266791224479675,7.4783,3,1.6957,1021.9,0.2804
0.286089450120926,7.7785,3,1.6915,1021.9,0.3265
0.284437030553818,7.7529,3,1.6901,1021.9,0.2475
0.244701474905014,7.128,3,1.6014,1021.8929,0.2366
0.210670366883278,6.5774,3,1.6057,1021.8716,0.2515
0.218222483992577,6.7014,3,1.6071,1021.8645,0.2801
0.198988199234009,6.3832,3,1.6085,1021.8574,0.2261
0.211897179484367,6.5977,3,1.6099,1021.8503,0.2533
0.230738654732704,6.9046,3,1.6128,1021.8361,0.2495
0.237926617264748,7.0217,3,1.6999,1021.4004,0.2214
0.212653666734695,6.6118,3,1.6958,1021.3874,0.2573
0.24323371052742,7.1063,3,1.6915,1021.3746,0.2115
0.180485934019089,6.0678,2.9986,1.6028,1021.1098,0.2114
0.178652867674828,6.0362,2.9943,1.6113,1021.1397,0.2012
0.217825472354889,6.6955,2.9872,1.6256,1021.1895,0.2296
0.190053358674049,6.2379,2.9,1.8,1021.7659,0.2105
0.160039648413658,5.7104,2.9,1.8,1021.7204,0.2048
0.171032100915909,5.9079,2.9,1.8,1021.0006,0.2129
0.219471350312233,6.7274,2.9,1.8028,1021.0083,0.2758
0.207686752080917,6.5339,2.9,1.8085,1021.0254,0.196
0.251253187656403,7.2393,2.9,1.9,1021.2999,0.2549
0.21146123111248,6.5979,2.9,1.8957,1021.2235,0.3185
0.217808499932289,6.702,2.9,1.8943,1021.1979,0.292
0.203556686639786,6.4669,2.9,1.8901,1021.1211,0.2136
0.251898735761642,7.2493,2.9,1.8886,1021.0955,0.1926
0.352734982967377,8.7959,2.9,1.8085,1019.4659,0.2909
0.320439726114273,8.3087,2.9,1.8099,1019.4602,0.2785
0.278695344924927,7.6677,2.9,1.8114,1019.4545,0.3556
0.355794757604599,8.8432,2.9,1.9042,1019.0497,0.3196
0.315173864364624,8.2302,2.9,1.907,1019.0156,0.3263
0.385587245225906,9.2862,2.9,1.9085,1018.9985,0.3273
0.389675199985504,9.3466,2.9,1.9113,1018.9643,0.3383
0.335995346307755,8.5473,2.9,2,1017.9002,0.3272
0.387069314718246,9.3095,2.9,2.0042,1017.8691,0.2776
0.334293961524963,8.5219,2.9,2.017,1017.7752,0.2816
0.395947843790054,9.4408,2.9,2.0341,1017.65,0.2542
0.39608296751976,9.4468,2.9,2.3114,1015.6517,0.3611
0.402195423841476,9.5369,2.9,2.3341,1015.5551,0.2952
0.390036880970001,9.3582,2.9,2.3398,1015.5309,0.3588
0.397057324647903,9.4617,2.9,2.3512,1015.4826,0.3569
0.396844387054443,9.4636,2.9,2.6997,1014.0014,0.324
0.341801255941391,8.6459,2.9,2.7013,1013.9571,0.3012
0.345388650894165,8.6999,2.9,2.7099,1013.6838,0.3251
0.307525336742401,8.127,2.9,2.7113,1013.6382,0.3719
0.453438311815262,10.2871,2.8986,2.8014,1010.7817,0.337
0.471994370222092,10.5527,2.8972,2.8028,1010.7632,0.4501
0.428003966808319,9.9202,2.8886,2.8114,1010.6523,0.4297
0.455737352371216,10.3204,2.8872,2.8128,1010.6338,0.3999
0.398426383733749,9.491,2.8028,2.8972,1009.483,0.2931
0.465534180402756,10.4627,2.8085,2.8915,1009.4488,0.3577
0.501989305019379,10.9778,2.8999,2.8001,1008.9005,0.3947
0.476317137479782,10.6141,2.9028,2.7945,1008.8724,0.4072
0.534220993518829,11.4287,2.9113,2.7774,1008.787,0.4239
0.439667165279388,10.0882,2.9127,2.7745,1008.7727,0.4019
0.54192841053009,11.5187,3.2128,1.5744,1005.4931,0.4603
1.20445084571838,19.6355,3.5,2.717,987.996,1.002
0.939519464969635,16.6346,3.5,2.7455,987.6546,0.9221
1.08894646167755,18.3641,3.4943,3.0943,983.1045,1.0654
1.24553072452545,20.0783,3.4915,3.0915,982.9566,0.9254
1.12535929679871,18.7711,3.4901,3.0901,982.8828,0.9282
1.45953857898712,22.2798,3.4,3.004,978.1369,1.354
1.3307272195816,20.9734,3.4,3.0296,977.7356,1.1814
1.33951735496521,21.0665,3.3,3.4043,967.8082,1.1015
1.23052108287811,19.9205,3.3,3.4099,967.5524,1.1552
1.09896171092987,18.4784,3.0915,3.0338,962.0438,0.9504
1.08637523651123,18.3371,3.0887,3.0452,962.0922,0.9521
1.18589651584625,19.4405,3,3.3999,963.5997,0.8047
1.0381863117218,17.7926,3,3.4,963.7148,0.942
1.1954619884491,19.547,2.9,3.8081,968.7161,1.1116
1.31178617477417,20.7827,2.9,3.8166,968.7332,1.0877
1.26242768764496,20.2645,2.9,3.8593,968.8186,1.088
1.42423248291016,21.933,2.9,3.8678,968.8357,1.1289
1.30640625953674,20.7294,2.9,4.3972,969.9197,1.1145
1.25836670398712,20.2241,2.9,4.3858,969.9993,1.0813
1.37787401676178,21.4663,2.9,4.383,970.0193,1.117
1.07972323894501,18.27,2.9,4.2,971.3,1.0642
0.960325479507446,16.8942,2.8979,4.1936,971.3512,0.9141
0.983059287071228,17.1595,2.8,3.9,973.6998,0.8606
0.990786135196686,17.2496,2.7986,3.8972,973.7169,0.7605
0.917588174343109,16.3856,2.7972,3.8943,973.7339,0.7284
0.993683218955994,17.2833,2.7957,3.8915,973.751,0.7811
1.00581753253937,17.4241,2.7886,3.8773,973.8364,0.8548
0.985701262950897,17.1897,2.6972,3.7,974.954,0.7813
1.0115852355957,17.4903,2.6943,3.7,975.008,0.8423
1.09295046329498,18.4171,2.6929,3.7,975.035,0.9184
0.899969756603241,16.1735,2.6872,3.7,975.143,0.8563
1.02039897441864,17.5925,2.6,3.6874,976.8628,0.7284
0.922053873538971,16.4388,2.6,3.6746,976.9269,0.855
1.04511260986328,17.8758,2.6,3.6618,976.9909,0.8087
0.947079479694367,16.7345,2.5957,3.3957,978.3723,0.9138
1.06067955493927,18.0515,2.5915,3.3915,978.4448,0.8594
1.07827496528625,18.2507,2.5886,3.3886,978.4932,0.9488
0.992705464363098,17.27,2.5,3.3,980,0.8519
1.10500955581665,18.551,2.4972,3.3,980.0426,0.8977
0.967506110668182,16.9754,2.4915,3.3,980.128,0.7893
0.947081983089447,16.7346,2.4872,3.3,980.192,0.8299
1.02780222892761,17.6765,2.4,3.3,981.4999,0.8245
1.023557305336,17.6277,2.3972,3.3,981.5425,0.825
1.21009039878845,19.7055,2.2972,3.2972,983.0239,0.7333
0.924219250679016,16.4641,2.2887,3.2887,983.0964,0.8446
1.01574897766113,17.5383,2.283,3.283,983.1448,0.7763
1.00395524501801,17.4019,2.2773,3.2773,983.1932,0.8436
1.00843954086304,17.4538,2.1,3.1,984.7,0.8369
1.157595038414,19.1345,2.1,3.0972,984.754,0.8162
0.851972043514252,15.5899,2.1,3.0929,984.835,0.7911
1.09310114383698,18.4186,2.1,3.0872,984.943,0.942
1.17258965969086,19.2981,2.0987,2.9946,986.6188,0.8667
1.07184791564941,18.1768,2,2.5972,988.0211,0.8968
0.835898995399475,15.3891,2,2.5915,988.0638,0.8041
1.1258487701416,18.7818,2,2.5801,988.1491,0.8327
0.981568932533264,17.1386,2,2.5773,988.1705,0.7859
1.06300377845764,18.0754,2,2.3972,989.5227,0.8326
1.0053243637085,17.4139,2,2.3943,989.5454,0.6978
1.02992868423462,17.6977,2,2.3858,989.6137,0.8559
0.960069894790649,16.885,2,2.3773,989.6819,0.7754
0.992988109588623,17.2693,2,2.1874,991.1754,0.7755
1.02609837055206,17.6524,2,2.1789,991.2266,0.7556
0.718177855014801,13.8936,2,1.5943,994.2625,0.7386
0.873311638832092,15.8397,2,1.5001,995.2991,0.8613
0.98883044719696,17.2164,1.9972,1.4917,995.3193,0.812
0.808776557445526,15.0439,1.9944,1.4832,995.3393,0.8191
0.792313575744629,14.8362,1.9014,1.2042,996.0112,0.656
0.835034191608429,15.3687,1.9085,1.2256,996.0681,0.7642
0.879092335700989,15.91,1.9973,1.4937,996.8377,0.6362
0.882636308670044,15.953,1.9937,1.4853,996.888,0.7039
0.84353119134903,15.4743,1.9359,1.3505,997.6968,0.6629
0.796137690544128,14.8851,1.9332,1.3442,997.7346,0.6714
0.729112565517426,14.0331,1.9323,1.3421,997.7471,0.5907
0.702544391155243,13.6891,1.9314,1.34,997.7597,0.6118
0.865088164806366,15.7387,1.9306,1.338,997.7723,0.8063
0.801455557346344,14.9511,1.8737,1.2052,998.5686,0.7024
0.812337756156921,15.087,1.8674,1.1906,998.6566,0.7105
0.278590708971024,7.6665,1.9,0.8703,1001.7262,0.2394
0.25255474448204,7.2589,1.9,0.8797,1001.7202,0.2591
0.250362008810043,7.2243,1.9,0.8844,1001.7172,0.2395
0.112438000738621,4.1892,1.9,1.181,1001.5265,0.1172
0.11103480309248,4.1388,1.9,1.2091,1001.5084,0.1291
0.124697469174862,4.6236,1.9,1.8585,1001.091,0.153
0.115286789834499,4.2905,1.9,1.8678,1001.085,0.1302
0.108626395463943,4.0514,1.9425,1.9362,1000.6172,0.1346
0.152957156300545,5.5936,2.0163,1.8255,999.9532,0.1793
0.229298412799835,6.9002,2.0839,1.7242,999.3449,0.2134
0.106781698763371,3.9849,2.1,1.7177,999.5001,0.1711
0.298395097255707,7.9854,2.1131,1.8393,1001.3323,0.3736
0.345063835382462,8.6933,2.1144,1.8433,1001.3765,0.337
0.467431575059891,10.4855,2.136,1.9079,1002.0868,0.3668
0.385497242212296,9.2957,2.1363,1.9089,1002.0979,0.3381
0.425993025302887,9.8886,2.1373,1.9119,1002.131,0.4159
0.403159886598587,9.5555,2.1376,1.9129,1002.142,0.3691
0.473141700029373,10.5676,2.1592,1.9775,1002.8523,0.333
0.385490387678146,9.2963,2.1595,1.9785,1002.8634,0.3312
0.49362900853157,10.8585,2.1605,1.9815,1002.8965,0.3628
0.387056946754456,9.3201,2.1824,2.0471,1003.6179,0.3653
0.441146552562714,10.1093,2.1837,2.0511,1003.662,0.4028
0.495941579341888,10.8918,2.185,2.0551,1003.7062,0.4923
0.26292809844017,7.4396,2.2,2.1328,1004.2394,0.2539
0.227389499545097,6.8751,2.2,2.1395,1004.2474,0.323
0.231765702366829,6.9457,2.2,2.1445,1004.2534,0.2746
0.149645075201988,5.4818,2.2,2.2471,1004.3765,0.2017
0.144130319356918,5.2949,2.2,2.2488,1004.3785,0.2058
0.15215927362442,5.5665,2.2,2.2504,1004.3805,0.1959
0.159719705581665,5.7287,2.2,2.3681,1004.5217,0.1772
0.144811972975731,5.318,2.2,2.3697,1004.5237,0.1848
0.143806830048561,5.2838,2.2,2.3714,1004.5257,0.1961
0.165020540356636,5.8249,2.2,2.3731,1004.5277,0.2014
0.15372297167778,5.6183,2.2,2.3764,1004.5317,0.1914
0.118271380662918,4.3962,2.2,2.4824,1004.6588,0.1472
0.122690960764885,4.5525,2.2,2.4957,1004.6749,0.1705
0.119870640337467,4.4528,2.204,2.6,1004.79,0.1367
0.115425035357475,4.2948,2.2094,2.6,1004.7766,0.1477
0.111085683107376,4.1394,2.3021,2.6,1004.5447,0.1145
0.100891694426537,3.7697,2.3062,2.6,1004.5346,0.1108
0.115478299558163,4.2967,2.3882,2.6,1004.3295,0.1123
0.114332936704159,4.2558,2.3909,2.6,1004.3228,0.117
0.105465970933437,3.9364,2.3936,2.6,1004.3161,0.1226
0.104123152792454,3.8876,2.3989,2.6,1004.3027,0.1196
0.104560330510139,3.9035,2.4003,2.6,1004.2993,0.1159
0.13547246158123,4.998,2.4823,2.6,1004.0942,0.1352
0.121185496449471,4.4993,2.489,2.6,1004.0775,0.1195
0.145467147231102,5.3401,2.5791,2.6,1003.8522,0.184
0.147676050662994,5.415,2.5845,2.6,1003.8388,0.1958
0.144206032156944,5.2972,2.6353,2.6353,1002.8476,0.1568
0.15173003077507,5.5518,2.6379,2.6379,1002.7754,0.1939
0.150681853294373,5.5165,2.6386,2.6386,1002.7573,0.1851
0.135255962610245,4.9905,2.6393,2.6393,1002.7392,0.1797
0.143545299768448,5.2747,2.6406,2.6406,1002.7031,0.1506
0.386873185634613,9.318,2.8218,2.7129,997.1156,0.4072
0.605879008769989,12.41,2.8545,2.582,995.184,0.6238
0.533709943294525,11.4198,2.8561,2.5758,995.0925,0.4731
0.518147945404053,11.2025,2.8566,2.5737,995.062,0.4862
0.658072054386139,13.1067,2.8914,2.4345,993.0084,0.571
0.60835188627243,12.4415,2.8919,2.4324,992.9779,0.5554
0.667712390422821,13.2341,2.8924,2.4303,992.9473,0.4311
0.633605420589447,12.7809,2.894,2.4241,992.8558,0.55
0.774394273757935,14.6138,2.8797,2.5827,991.5053,0.6986
0.892014861106873,16.0699,2.8575,2.7824,990.4178,0.599
0.824612975120544,15.2446,2.8572,2.7855,990.4014,0.6293
0.904839038848877,16.2262,2.834,2.9943,989.2646,0.7714
1.00906479358673,17.456,2.8326,3.0063,989.199,0.7017
0.816110968589783,15.1409,2.8323,3.0093,989.1826,0.7174
0.691638469696045,13.556,2.8114,3.197,988.1606,0.4845
0.642349660396576,12.906,2.8111,3.2,988.1442,0.5212
0.632818996906281,12.7789,2.8104,3.2061,988.1114,0.5072
0.43815815448761,10.0736,2.8088,3.2211,988.0294,0.3848
0.270797342061996,7.5747,2.7882,3.4058,987.0239,0.2355
0.253111869096756,7.2981,2.7862,3.4239,986.9255,0.268
0.273084282875061,7.6108,2.7852,3.4329,986.8763,0.2862
0.122606068849564,4.5484,2.7408,3.8324,984.7012,0.1223
0.12447602301836,4.6142,2.7402,3.8385,984.6684,0.1401
0.158039420843124,5.7195,2.7173,4.0442,983.548,0.2232
0.159507811069489,5.7465,2.717,4.0473,983.5316,0.1919
0.169893443584442,5.9339,2.7163,4.0533,983.4988,0.2015
0.168309852480888,5.906,2.7146,4.0683,983.4168,0.2179
0.161764904856682,5.7898,2.7207,4.1655,982.5069,0.1885
0.16942609846592,5.9275,2.7227,4.1622,982.4882,0.1973
0.171832248568535,5.9701,2.7247,4.1588,982.4695,0.2449
0.164060696959496,5.8311,2.7267,4.1555,982.4507,0.1845
0.170317336916924,5.94,2.7893,4.0512,981.8669,0.202
0.128656566143036,4.7605,2.8639,3.9269,981.1707,0.1793
0.136003315448761,5.0153,2.8649,3.9252,981.1613,0.1499
0.137461021542549,5.0655,2.8669,3.9219,981.1426,0.1654
0.180943354964256,6.1192,2.9304,3.816,980.5494,0.2501
0.181914269924164,6.1358,2.9344,3.8093,980.5119,0.1738
0.148229688405991,5.4329,2.9385,3.8026,980.4744,0.1907
0.13540107011795,4.9947,2.9997,3.698,979.8933,0.1706
0.130260795354843,4.817,2.7679,3.166,977.4378,0.1561
0.130792751908302,4.8355,2.7653,3.1674,977.4284,0.196
0.140411406755447,5.1673,2.7646,3.1677,977.4261,0.1631
0.294863909482956,7.9435,2.6818,3.1274,977.091,0.2894
0.246516644954681,7.1901,2.6793,3.117,977.0755,0.2776
0.294454455375671,7.937,2.6777,3.1108,977.0662,0.3293
0.403110027313232,9.5628,2.6455,2.9819,976.8728,0.3611
0.377774775028229,9.1899,2.6439,2.9756,976.8635,0.3635
0.360501736402512,8.9335,2.6434,2.9736,976.8604,0.31
0.328605204820633,8.4533,2.6055,2.8219,976.6328,0.2782
0.32428166270256,8.3863,2.5588,2.6765,976.147,0.3308
0.43696540594101,10.0522,2.5578,2.6735,976.136,0.3695
0.260559469461441,7.4048,2.5353,2.6059,975.8882,0.2997
0.291786283254623,7.8897,2.5346,2.6039,975.8809,0.3169
0.272471696138382,7.5908,2.5323,2.5968,975.8551,0.2813
0.468433141708374,10.503,2.5118,2.5353,975.6294,0.3574
0.42013955116272,9.8069,2.5114,2.5343,975.6258,0.3568
0.438475787639618,10.0727,2.5094,2.5283,975.6037,0.405
0.343108266592026,8.668,2.5121,2.5,975.7298,0.277
0.311162918806076,8.1849,2.5138,2.5,975.7616,0.2995
0.340979933738709,8.636,2.5141,2.5,975.768,0.2824
0.259343922138214,7.3838,2.5363,2.5,976.1896,0.2837
0.253430157899857,7.2907,2.538,2.5,976.2214,0.2366
0.436188995838165,10.0386,2.5608,2.5,976.6557,0.3942
0.56093168258667,11.7986,2.5827,2.5,977.071,0.4669
0.496469348669052,10.8998,2.5837,2.5,977.0901,0.463
0.555576860904694,11.7248,2.584,2.5,977.0964,0.4335
0.529607474803925,11.3647,2.5854,2.5,977.1219,0.5388
0.473964840173721,10.5803,2.6059,2.5,977.5117,0.4804
0.52688479423523,11.3265,2.6062,2.5,977.5181,0.4477
0.483324319124222,10.7134,2.6072,2.5,977.5372,0.392
0.562062561511993,11.8139,2.6076,2.5,977.5435,0.5293
0.447594910860062,10.2023,2.6297,2.5,977.9652,0.4333
0.469224750995636,10.5124,2.6301,2.5,977.9715,0.4623
0.629376709461212,12.7275,2.6311,2.5,977.9906,0.5301
0.524529695510864,11.2931,2.6529,2.5,978.4059,0.5016
0.501226663589478,10.9661,2.6543,2.5,978.4313,0.4401
0.461070656776428,10.3955,2.6546,2.5,978.4376,0.4635
0.653180599212647,13.0444,2.6771,2.5,978.8656,0.5541
0.635307550430298,12.8064,2.6781,2.5,978.8847,0.5271
0.593770623207092,12.2465,2.6997,2.501,979.309,0.4361
0.560408473014832,11.7902,2.699,2.503,979.3271,0.4476
0.534778714179993,11.4355,2.6987,2.504,979.3361,0.5028
0.525104999542236,11.3007,2.698,2.506,979.3542,0.4804
0.483314663171768,10.7123,2.697,2.509,979.3813,0.412
0.590602338314056,12.2044,2.6765,2.5706,979.9352,0.4248
0.560335397720337,11.7902,2.6761,2.5716,979.9443,0.4118
0.506794691085815,11.0452,2.6745,2.5766,979.9894,0.4143
0.510564625263214,11.0982,2.6741,2.5776,979.9985,0.4284
0.565101325511932,11.8569,2.6499,2.6502,980.6518,0.4646
0.532761037349701,11.4106,2.6294,2.7117,981.2057,0.5284
0.527649223804474,11.3394,2.6291,2.7127,981.2147,0.5278
0.574974179267883,11.9932,2.6287,2.7138,981.2238,0.385
0.441328704357147,10.1149,2.6281,2.7158,981.2418,0.5048
0.544469237327576,11.5743,2.6042,2.7873,981.8861,0.4484
0.53735214471817,11.4759,2.5648,2.7766,982.1876,0.4691
0.533509910106659,11.4225,2.5624,2.7749,982.2006,0.4766
0.371050477027893,9.0887,2.525,2.75,982.3999,0.3644
0.410700291395187,9.6722,2.5238,2.7492,982.4064,0.3515
0.489664107561111,10.8074,2.5226,2.7484,982.4129,0.2975
0.53199702501297,11.4016,2.5195,2.7464,982.4291,0.3996
0.444520711898804,10.1629,2.481,2.7206,982.6349,0.4004
0.411721438169479,9.6873,2.4791,2.7194,982.6447,0.3762
0.455538153648376,10.3213,2.4779,2.7186,982.6512,0.3516
0.464973151683807,10.4564,2.4767,2.7178,982.6577,0.3106
0.370524644851685,9.0813,2.4393,2.6929,982.857,0.2896
0.483276456594467,10.7172,2.4375,2.6917,982.8667,0.3442
0.402488797903061,9.5525,2.4363,2.6908,982.8732,0.394
0.383031368255615,9.2664,2.4351,2.69,982.8797,0.3418
0.46189484000206,10.4127,2.3953,2.6635,983.092,0.3843
0.374801099300385,9.1449,2.394,2.6627,983.0985,0.3963
0.422807157039642,9.8491,2.3934,2.6623,983.1017,0.3734
0.508486568927765,11.0733,2.3922,2.6615,983.1082,0.456
0.504197478294373,11.013,2.391,2.6607,983.1148,0.3952
0.449744254350662,10.2386,2.3518,2.6345,983.3238,0.3885
0.567919671535492,11.8986,2.3506,2.6337,983.3303,0.4182
0.349537134170532,8.7692,2.3108,2.6072,983.5426,0.2961
0.286674320697784,7.8137,2.3176,2.5471,983.5648,0.2825
0.315104395151138,8.2488,2.3193,2.5421,983.5614,0.2841
0.198026016354561,6.3959,2.3415,2.4755,983.517,0.2468
0.174001693725586,5.9836,2.3428,2.4715,983.5143,0.2011
0.156509667634964,5.6687,2.3442,2.4675,983.5117,0.2239
0.165912762284279,5.8362,2.3909,2.3273,983.4182,0.2286
0.15170893073082,5.5513,2.3912,2.3263,983.4175,0.1768
0.102032653987408,3.8116,2.3758,2.3847,983.3637,0.1083
0.112524941563606,4.1911,2.3234,2.5681,983.2851,0.1342
0.198472008109093,6.409,2.2823,2.7118,983.2235,0.2072
0.19475394487381,6.3467,2.2797,2.7212,983.2195,0.2362
0.197090685367584,6.3861,2.279,2.7235,983.2185,0.2242
